"Tissue","OG","n_pairs","Pairs","gene_name","name_source"
"Heart","OG_0000082",3,"thaAmb_vs_thaPel;thaBer_vs_thaAtr;thaRuf_vs_thaTor","HDAC5","taeGut_geneID"
"Heart","OG_0000145",3,"dysSti_vs_sakCri;sakLuc_vs_sakCan;thaAmb_vs_thaPel","stringtie_mRNA_33679","parsed_from_gene_id"
"Heart","OG_0000278",3,"dysSti_vs_sakCri;thaAmb_vs_thaPel;thaRuf_vs_thaTor","SYNE2","parsed_from_gene_id"
"Heart","OG_0001094",5,"dysSti_vs_sakCri;sakLuc_vs_sakCan;thaAmb_vs_thaPel;thaBer_vs_thaAtr;thaRuf_vs_thaTor","SLC6A6","parsed_from_gene_id"
"Heart","OG_0001110",3,"dysSti_vs_sakCri;thaAmb_vs_thaPel;thaBer_vs_thaAtr","MYO1F","taeGut_geneID"
"Heart","OG_0001116",3,"dysSti_vs_sakCri;sakLuc_vs_sakCan;thaBer_vs_thaAtr","stringtie_mRNA_44623","parsed_from_gene_id"
"Heart","OG_0001154",3,"thaAmb_vs_thaPel;thaBer_vs_thaAtr;thaRuf_vs_thaTor","ACAP2","taeGut_geneID"
"Heart","OG_0001165",3,"dysSti_vs_sakCri;thaAmb_vs_thaPel;thaRuf_vs_thaTor","stringtie_mRNA_23724","parsed_from_gene_id"
"Heart","OG_0001336",3,"dysSti_vs_sakCri;sakLuc_vs_sakCan;thaBer_vs_thaAtr","RAB7A","taeGut_geneID"
"Heart","OG_0001340",3,"dysSti_vs_sakCri;sakLuc_vs_sakCan;thaBer_vs_thaAtr","HRAS","taeGut_geneID"
"Heart","OG_0001973",3,"dysSti_vs_sakCri;sakLuc_vs_sakCan;thaBer_vs_thaAtr","PER2","galGal_geneID"
"Heart","OG_0002035",3,"dysSti_vs_sakCri;sakLuc_vs_sakCan;thaAmb_vs_thaPel","Scn4a","parsed_from_gene_id"
"Heart","OG_0002136",3,"sakLuc_vs_sakCan;thaBer_vs_thaAtr;thaRuf_vs_thaTor","ENPP1","taeGut_geneID"
"Heart","OG_0002165",3,"dysSti_vs_sakCri;sakLuc_vs_sakCan;thaBer_vs_thaAtr","VPS13C","parsed_from_gene_id"
"Heart","OG_0002191",3,"dysSti_vs_sakCri;sakLuc_vs_sakCan;thaAmb_vs_thaPel","ING1","taeGut_geneID"
"Heart","OG_0002266",3,"dysSti_vs_sakCri;sakLuc_vs_sakCan;thaBer_vs_thaAtr","OGT","taeGut_geneID"
"Heart","OG_0002290",3,"dysSti_vs_sakCri;thaBer_vs_thaAtr;thaRuf_vs_thaTor","CCPG1","taeGut_geneID"
"Heart","OG_0002322",3,"dysSti_vs_sakCri;sakLuc_vs_sakCan;thaBer_vs_thaAtr","LOC100190204","taeGut_geneID"
"Heart","OG_0002405",3,"sakLuc_vs_sakCan;thaAmb_vs_thaPel;thaBer_vs_thaAtr","ITGB4","taeGut_geneID"
"Heart","OG_0002450",3,"dysSti_vs_sakCri;sakLuc_vs_sakCan;thaRuf_vs_thaTor","stringtie_mRNA_57594","parsed_from_gene_id"
"Heart","OG_0002453",3,"dysSti_vs_sakCri;sakLuc_vs_sakCan;thaBer_vs_thaAtr","CAP1","taeGut_geneID"
"Heart","OG_0002508",3,"dysSti_vs_sakCri;sakLuc_vs_sakCan;thaBer_vs_thaAtr","CTNNA1","taeGut_geneID"
"Heart","OG_0002594",3,"sakLuc_vs_sakCan;thaBer_vs_thaAtr;thaRuf_vs_thaTor","DNAJC18","parsed_from_gene_id"
"Heart","OG_0002697",3,"sakLuc_vs_sakCan;thaBer_vs_thaAtr;thaRuf_vs_thaTor","CACNA2D1","parsed_from_gene_id"
"Heart","OG_0002701",3,"dysSti_vs_sakCri;sakLuc_vs_sakCan;thaBer_vs_thaAtr","FBXO30","taeGut_geneID"
"Heart","OG_0002765",3,"dysSti_vs_sakCri;sakLuc_vs_sakCan;thaBer_vs_thaAtr","CCDC14","taeGut_geneID"
"Heart","OG_0002816",3,"dysSti_vs_sakCri;sakLuc_vs_sakCan;thaBer_vs_thaAtr","SHOC2","taeGut_geneID"
"Heart","OG_0003027",3,"dysSti_vs_sakCri;sakLuc_vs_sakCan;thaBer_vs_thaAtr","NR3C1","taeGut_geneID"
"Heart","OG_0003087",3,"sakLuc_vs_sakCan;thaBer_vs_thaAtr;thaRuf_vs_thaTor","VCP","taeGut_geneID"
"Heart","OG_0003095",3,"sakLuc_vs_sakCan;thaAmb_vs_thaPel;thaBer_vs_thaAtr","IGSF3","taeGut_geneID"
"Heart","OG_0003117",3,"dysSti_vs_sakCri;sakLuc_vs_sakCan;thaRuf_vs_thaTor","FGD5","taeGut_geneID"
"Heart","OG_0003278",3,"dysSti_vs_sakCri;sakLuc_vs_sakCan;thaAmb_vs_thaPel","FOXO1","taeGut_geneID"
"Heart","OG_0003299",5,"dysSti_vs_sakCri;sakLuc_vs_sakCan;thaAmb_vs_thaPel;thaBer_vs_thaAtr;thaRuf_vs_thaTor","SSTR1","taeGut_geneID"
"Heart","OG_0003322",3,"sakLuc_vs_sakCan;thaAmb_vs_thaPel;thaBer_vs_thaAtr","P3H1","taeGut_geneID"
"Heart","OG_0003379",3,"dysSti_vs_sakCri;sakLuc_vs_sakCan;thaBer_vs_thaAtr","USP8","taeGut_geneID"
"Heart","OG_0003473",3,"dysSti_vs_sakCri;sakLuc_vs_sakCan;thaRuf_vs_thaTor","EEF1A2","taeGut_geneID"
"Heart","OG_0003478",3,"sakLuc_vs_sakCan;thaBer_vs_thaAtr;thaRuf_vs_thaTor","OAT","taeGut_geneID"
"Heart","OG_0003585",3,"sakLuc_vs_sakCan;thaBer_vs_thaAtr;thaRuf_vs_thaTor","USF3","taeGut_geneID"
"Heart","OG_0003592",3,"dysSti_vs_sakCri;sakLuc_vs_sakCan;thaBer_vs_thaAtr","MICALL1","taeGut_geneID"
"Heart","OG_0003777",3,"dysSti_vs_sakCri;sakLuc_vs_sakCan;thaBer_vs_thaAtr","ATXN1","taeGut_geneID"
"Heart","OG_0003806",3,"dysSti_vs_sakCri;sakLuc_vs_sakCan;thaAmb_vs_thaPel","SLC30A1","taeGut_geneID"
"Heart","OG_0003830",3,"dysSti_vs_sakCri;sakLuc_vs_sakCan;thaBer_vs_thaAtr","SELENOI","taeGut_geneID"
"Heart","OG_0003861",3,"sakLuc_vs_sakCan;thaAmb_vs_thaPel;thaBer_vs_thaAtr","ATG2A","galGal_geneID"
"Heart","OG_0003932",3,"dysSti_vs_sakCri;sakLuc_vs_sakCan;thaRuf_vs_thaTor","PANK3","taeGut_geneID"
"Heart","OG_0003973",4,"dysSti_vs_sakCri;sakLuc_vs_sakCan;thaAmb_vs_thaPel;thaBer_vs_thaAtr","LOC100223247","taeGut_geneID"
"Heart","OG_0003989",3,"dysSti_vs_sakCri;sakLuc_vs_sakCan;thaBer_vs_thaAtr","ASB11","taeGut_geneID"
"Heart","OG_0004097",3,"dysSti_vs_sakCri;sakLuc_vs_sakCan;thaBer_vs_thaAtr","NRAP","taeGut_geneID"
"Heart","OG_0004109",3,"dysSti_vs_sakCri;sakLuc_vs_sakCan;thaAmb_vs_thaPel","KDM1A","taeGut_geneID"
"Heart","OG_0004130",3,"sakLuc_vs_sakCan;thaAmb_vs_thaPel;thaBer_vs_thaAtr","ACAA2","taeGut_geneID"
"Heart","OG_0004158",3,"sakLuc_vs_sakCan;thaBer_vs_thaAtr;thaRuf_vs_thaTor","BMP7","taeGut_geneID"
"Heart","OG_0004303",3,"dysSti_vs_sakCri;sakLuc_vs_sakCan;thaBer_vs_thaAtr","FECH","galGal_geneID"
"Heart","OG_0004326",3,"dysSti_vs_sakCri;sakLuc_vs_sakCan;thaBer_vs_thaAtr","CTSD","taeGut_geneID"
"Heart","OG_0004384",4,"dysSti_vs_sakCri;sakLuc_vs_sakCan;thaAmb_vs_thaPel;thaBer_vs_thaAtr","HADHA","taeGut_geneID"
"Heart","OG_0004407",3,"sakLuc_vs_sakCan;thaBer_vs_thaAtr;thaRuf_vs_thaTor","PDK1","galGal_geneID"
"Heart","OG_0004411",3,"dysSti_vs_sakCri;sakLuc_vs_sakCan;thaAmb_vs_thaPel","PDK4","taeGut_geneID"
"Heart","OG_0004459",3,"sakLuc_vs_sakCan;thaAmb_vs_thaPel;thaBer_vs_thaAtr","RNH1","taeGut_geneID"
"Heart","OG_0004611",3,"sakLuc_vs_sakCan;thaAmb_vs_thaPel;thaBer_vs_thaAtr","RSBN1L","taeGut_geneID"
"Heart","OG_0004676",3,"dysSti_vs_sakCri;sakLuc_vs_sakCan;thaAmb_vs_thaPel","STT3A","taeGut_geneID"
"Heart","OG_0004756",3,"sakLuc_vs_sakCan;thaBer_vs_thaAtr;thaRuf_vs_thaTor","FZR1","taeGut_geneID"
"Heart","OG_0004802",3,"dysSti_vs_sakCri;sakLuc_vs_sakCan;thaRuf_vs_thaTor","PCGF3","taeGut_geneID"
"Heart","OG_0004827",3,"dysSti_vs_sakCri;sakLuc_vs_sakCan;thaBer_vs_thaAtr","TFPI","galGal_geneID"
"Heart","OG_0004842",3,"dysSti_vs_sakCri;sakLuc_vs_sakCan;thaBer_vs_thaAtr","BACH2","taeGut_geneID"
"Heart","OG_0004872",5,"dysSti_vs_sakCri;sakLuc_vs_sakCan;thaAmb_vs_thaPel;thaBer_vs_thaAtr;thaRuf_vs_thaTor","USP13","taeGut_geneID"
"Heart","OG_0004888",3,"sakLuc_vs_sakCan;thaAmb_vs_thaPel;thaRuf_vs_thaTor","stringtie_mRNA_42881","parsed_from_gene_id"
"Heart","OG_0004931",4,"dysSti_vs_sakCri;sakLuc_vs_sakCan;thaBer_vs_thaAtr;thaRuf_vs_thaTor","USP24","parsed_from_gene_id"
"Heart","OG_0004977",3,"dysSti_vs_sakCri;thaAmb_vs_thaPel;thaBer_vs_thaAtr","YTHDF1","taeGut_geneID"
"Heart","OG_0005160",3,"sakLuc_vs_sakCan;thaAmb_vs_thaPel;thaRuf_vs_thaTor","LRP12","taeGut_geneID"
"Heart","OG_0005168",3,"dysSti_vs_sakCri;thaBer_vs_thaAtr;thaRuf_vs_thaTor","LOC100221772","taeGut_geneID"
"Heart","OG_0005192",3,"dysSti_vs_sakCri;sakLuc_vs_sakCan;thaBer_vs_thaAtr","GOLGA3","taeGut_geneID"
"Heart","OG_0005263",3,"sakLuc_vs_sakCan;thaBer_vs_thaAtr;thaRuf_vs_thaTor","CNTNAP1","taeGut_geneID"
"Heart","OG_0005491",3,"dysSti_vs_sakCri;sakLuc_vs_sakCan;thaRuf_vs_thaTor","RASSF8","taeGut_geneID"
"Heart","OG_0005576",3,"sakLuc_vs_sakCan;thaAmb_vs_thaPel;thaBer_vs_thaAtr","ATP8A2","parsed_from_gene_id"
"Heart","OG_0005775",3,"thaAmb_vs_thaPel;thaBer_vs_thaAtr;thaRuf_vs_thaTor","SKIC8","taeGut_geneID"
"Heart","OG_0005860",3,"dysSti_vs_sakCri;sakLuc_vs_sakCan;thaBer_vs_thaAtr","NME2","taeGut_geneID"
"Heart","OG_0005890",3,"dysSti_vs_sakCri;sakLuc_vs_sakCan;thaRuf_vs_thaTor","GATA5","taeGut_geneID"
"Heart","OG_0006136",3,"thaAmb_vs_thaPel;thaBer_vs_thaAtr;thaRuf_vs_thaTor","MCCC1","taeGut_geneID"
"Heart","OG_0006140",3,"dysSti_vs_sakCri;sakLuc_vs_sakCan;thaBer_vs_thaAtr","UAP1","taeGut_geneID"
"Heart","OG_0006162",3,"dysSti_vs_sakCri;sakLuc_vs_sakCan;thaBer_vs_thaAtr","ZDHHC3","taeGut_geneID"
"Heart","OG_0006201",3,"dysSti_vs_sakCri;sakLuc_vs_sakCan;thaRuf_vs_thaTor","SETBP1","parsed_from_gene_id"
"Heart","OG_0006383",3,"dysSti_vs_sakCri;sakLuc_vs_sakCan;thaAmb_vs_thaPel","LAMA4","taeGut_geneID"
"Heart","OG_0006662",3,"sakLuc_vs_sakCan;thaBer_vs_thaAtr;thaRuf_vs_thaTor","VDAC3","taeGut_geneID"
"Heart","OG_0006703",4,"dysSti_vs_sakCri;sakLuc_vs_sakCan;thaBer_vs_thaAtr;thaRuf_vs_thaTor","COL16A1","taeGut_geneID"
"Heart","OG_0006744",3,"sakLuc_vs_sakCan;thaAmb_vs_thaPel;thaBer_vs_thaAtr","YWHAE","taeGut_geneID"
"Heart","OG_0006745",3,"dysSti_vs_sakCri;thaAmb_vs_thaPel;thaBer_vs_thaAtr","YWHAE","taeGut_geneID"
"Heart","OG_0006748",3,"dysSti_vs_sakCri;thaAmb_vs_thaPel;thaRuf_vs_thaTor","YWHAH","taeGut_geneID"
"Heart","OG_0006774",3,"dysSti_vs_sakCri;sakLuc_vs_sakCan;thaBer_vs_thaAtr","KANK4","taeGut_geneID"
"Heart","OG_0006782",3,"dysSti_vs_sakCri;sakLuc_vs_sakCan;thaRuf_vs_thaTor","NPEPPS","taeGut_geneID"
"Heart","OG_0006816",3,"dysSti_vs_sakCri;sakLuc_vs_sakCan;thaBer_vs_thaAtr","LOC100219050","taeGut_geneID"
"Heart","OG_0006819",3,"dysSti_vs_sakCri;sakLuc_vs_sakCan;thaAmb_vs_thaPel","LOC100231534","taeGut_geneID"
"Heart","OG_0006821",3,"sakLuc_vs_sakCan;thaAmb_vs_thaPel;thaBer_vs_thaAtr","LOC100228653","taeGut_geneID"
"Heart","OG_0006925",3,"dysSti_vs_sakCri;sakLuc_vs_sakCan;thaBer_vs_thaAtr","UQCRC2","taeGut_geneID"
"Heart","OG_0006926",4,"sakLuc_vs_sakCan;thaAmb_vs_thaPel;thaBer_vs_thaAtr;thaRuf_vs_thaTor","PMPCA","taeGut_geneID"
"Heart","OG_0006943",3,"dysSti_vs_sakCri;sakLuc_vs_sakCan;thaBer_vs_thaAtr","RARS1","taeGut_geneID"
"Heart","OG_0007051",3,"sakLuc_vs_sakCan;thaAmb_vs_thaPel;thaRuf_vs_thaTor","LOC100226687","taeGut_geneID"
"Heart","OG_0007067",3,"dysSti_vs_sakCri;sakLuc_vs_sakCan;thaBer_vs_thaAtr","CDCA7","taeGut_geneID"
"Heart","OG_0007079",3,"sakLuc_vs_sakCan;thaAmb_vs_thaPel;thaBer_vs_thaAtr","ZBTB1","taeGut_geneID"
"Heart","OG_0007128",3,"sakLuc_vs_sakCan;thaAmb_vs_thaPel;thaBer_vs_thaAtr","EIF4G2","taeGut_geneID"
"Heart","OG_0007133",3,"dysSti_vs_sakCri;sakLuc_vs_sakCan;thaAmb_vs_thaPel","MDH2","taeGut_geneID"
"Heart","OG_0007137",4,"dysSti_vs_sakCri;sakLuc_vs_sakCan;thaAmb_vs_thaPel;thaRuf_vs_thaTor","LDHB","taeGut_geneID"
"Heart","OG_0007175",3,"sakLuc_vs_sakCan;thaAmb_vs_thaPel;thaBer_vs_thaAtr","PDHA1","taeGut_geneID"
"Heart","OG_0007290",4,"dysSti_vs_sakCri;sakLuc_vs_sakCan;thaBer_vs_thaAtr;thaRuf_vs_thaTor","MTO1","taeGut_geneID"
"Heart","OG_0007292",3,"sakLuc_vs_sakCan;thaAmb_vs_thaPel;thaRuf_vs_thaTor","NT5C1B","taeGut_geneID"
"Heart","OG_0007414",3,"sakLuc_vs_sakCan;thaAmb_vs_thaPel;thaBer_vs_thaAtr","GOLGA4","taeGut_geneID"
"Heart","OG_0007519",3,"dysSti_vs_sakCri;sakLuc_vs_sakCan;thaBer_vs_thaAtr","XPO6","taeGut_geneID"
"Heart","OG_0007600",3,"sakLuc_vs_sakCan;thaBer_vs_thaAtr;thaRuf_vs_thaTor","ABTB2","taeGut_geneID"
"Heart","OG_0007604",4,"dysSti_vs_sakCri;sakLuc_vs_sakCan;thaAmb_vs_thaPel;thaBer_vs_thaAtr","FEM1C","taeGut_geneID"
"Heart","OG_0007701",3,"sakLuc_vs_sakCan;thaBer_vs_thaAtr;thaRuf_vs_thaTor","RSF1","taeGut_geneID"
"Heart","OG_0007715",3,"dysSti_vs_sakCri;sakLuc_vs_sakCan;thaAmb_vs_thaPel","DDX1","taeGut_geneID"
"Heart","OG_0007725",3,"sakLuc_vs_sakCan;thaAmb_vs_thaPel;thaBer_vs_thaAtr","CASC3","taeGut_geneID"
"Heart","OG_0007728",3,"dysSti_vs_sakCri;sakLuc_vs_sakCan;thaAmb_vs_thaPel","VPS37A","galGal_geneID"
"Heart","OG_0007756",3,"sakLuc_vs_sakCan;thaAmb_vs_thaPel;thaBer_vs_thaAtr","GAS6","taeGut_geneID"
"Heart","OG_0007812",3,"sakLuc_vs_sakCan;thaBer_vs_thaAtr;thaRuf_vs_thaTor","LOC100222277","taeGut_geneID"
"Heart","OG_0007877",3,"sakLuc_vs_sakCan;thaAmb_vs_thaPel;thaBer_vs_thaAtr","LOC100231426","taeGut_geneID"
"Heart","OG_0007882",3,"sakLuc_vs_sakCan;thaAmb_vs_thaPel;thaBer_vs_thaAtr","VIM","taeGut_geneID"
"Heart","OG_0007905",3,"sakLuc_vs_sakCan;thaBer_vs_thaAtr;thaRuf_vs_thaTor","MYL2","taeGut_geneID"
"Heart","OG_0007906",3,"dysSti_vs_sakCri;sakLuc_vs_sakCan;thaBer_vs_thaAtr","MYL9","taeGut_geneID"
"Heart","OG_0007918",3,"sakLuc_vs_sakCan;thaAmb_vs_thaPel;thaBer_vs_thaAtr","FAM120A","taeGut_geneID"
"Heart","OG_0007921",4,"dysSti_vs_sakCri;sakLuc_vs_sakCan;thaAmb_vs_thaPel;thaRuf_vs_thaTor","TNKS","parsed_from_gene_id"
"Heart","OG_0007922",3,"dysSti_vs_sakCri;sakLuc_vs_sakCan;thaBer_vs_thaAtr","SLC46A1","taeGut_geneID"
"Heart","OG_0008002",3,"dysSti_vs_sakCri;thaAmb_vs_thaPel;thaRuf_vs_thaTor","LANCL3","taeGut_geneID"
"Heart","OG_0008011",3,"sakLuc_vs_sakCan;thaAmb_vs_thaPel;thaBer_vs_thaAtr","FBXL5","taeGut_geneID"
"Heart","OG_0008037",4,"dysSti_vs_sakCri;sakLuc_vs_sakCan;thaAmb_vs_thaPel;thaRuf_vs_thaTor","LONP1","taeGut_geneID"
"Heart","OG_0008064",4,"dysSti_vs_sakCri;sakLuc_vs_sakCan;thaAmb_vs_thaPel;thaBer_vs_thaAtr","PDGFRA","taeGut_geneID"
"Heart","OG_0008065",3,"sakLuc_vs_sakCan;thaAmb_vs_thaPel;thaBer_vs_thaAtr","PDGFRB","taeGut_geneID"
"Heart","OG_0008067",3,"sakLuc_vs_sakCan;thaBer_vs_thaAtr;thaRuf_vs_thaTor","CSF1R","taeGut_geneID"
"Heart","OG_0008069",4,"dysSti_vs_sakCri;sakLuc_vs_sakCan;thaBer_vs_thaAtr;thaRuf_vs_thaTor","FLT1","parsed_from_gene_id"
"Heart","OG_0008108",4,"dysSti_vs_sakCri;sakLuc_vs_sakCan;thaBer_vs_thaAtr;thaRuf_vs_thaTor","BSG","taeGut_geneID"
"Heart","OG_0008110",3,"dysSti_vs_sakCri;sakLuc_vs_sakCan;thaBer_vs_thaAtr","stringtie_mRNA_48726","parsed_from_gene_id"
"Heart","OG_0008159",3,"sakLuc_vs_sakCan;thaAmb_vs_thaPel;thaBer_vs_thaAtr","RAD9A","taeGut_geneID"
"Heart","OG_0008237",3,"sakLuc_vs_sakCan;thaBer_vs_thaAtr;thaRuf_vs_thaTor","ARHGAP31","taeGut_geneID"
"Heart","OG_0008375",3,"dysSti_vs_sakCri;sakLuc_vs_sakCan;thaBer_vs_thaAtr","ZRANB1","taeGut_geneID"
"Heart","OG_0008405",3,"dysSti_vs_sakCri;sakLuc_vs_sakCan;thaBer_vs_thaAtr","TRMT2A","taeGut_geneID"
"Heart","OG_0008482",3,"dysSti_vs_sakCri;sakLuc_vs_sakCan;thaAmb_vs_thaPel","WDR44","taeGut_geneID"
"Heart","OG_0008497",3,"dysSti_vs_sakCri;sakLuc_vs_sakCan;thaBer_vs_thaAtr","RALA","taeGut_geneID"
"Heart","OG_0008540",3,"sakLuc_vs_sakCan;thaBer_vs_thaAtr;thaRuf_vs_thaTor","NADK","taeGut_geneID"
"Heart","OG_0008547",3,"dysSti_vs_sakCri;sakLuc_vs_sakCan;thaBer_vs_thaAtr","RNFT1","parsed_from_gene_id"
"Heart","OG_0008595",3,"sakLuc_vs_sakCan;thaBer_vs_thaAtr;thaRuf_vs_thaTor","TBX2","taeGut_geneID"
"Heart","OG_0008632",3,"dysSti_vs_sakCri;sakLuc_vs_sakCan;thaAmb_vs_thaPel","RNF139","taeGut_geneID"
"Heart","OG_0008724",4,"dysSti_vs_sakCri;sakLuc_vs_sakCan;thaAmb_vs_thaPel;thaBer_vs_thaAtr","INTS13","taeGut_geneID"
"Heart","OG_0008778",3,"sakLuc_vs_sakCan;thaAmb_vs_thaPel;thaRuf_vs_thaTor","CAPRIN1","taeGut_geneID"
"Heart","OG_0008802",3,"sakLuc_vs_sakCan;thaAmb_vs_thaPel;thaBer_vs_thaAtr","PTPN23","taeGut_geneID"
"Heart","OG_0008863",3,"dysSti_vs_sakCri;sakLuc_vs_sakCan;thaAmb_vs_thaPel","AKAP1","taeGut_geneID"
"Heart","OG_0008933",3,"dysSti_vs_sakCri;sakLuc_vs_sakCan;thaRuf_vs_thaTor","IRF2BP2","taeGut_geneID"
"Heart","OG_0008967",4,"sakLuc_vs_sakCan;thaAmb_vs_thaPel;thaBer_vs_thaAtr;thaRuf_vs_thaTor","SGPP1","taeGut_geneID"
"Heart","OG_0009005",3,"dysSti_vs_sakCri;sakLuc_vs_sakCan;thaBer_vs_thaAtr","PIM3","taeGut_geneID"
"Heart","OG_0009047",3,"sakLuc_vs_sakCan;thaBer_vs_thaAtr;thaRuf_vs_thaTor","PPM1F","taeGut_geneID"
"Heart","OG_0009049",3,"dysSti_vs_sakCri;sakLuc_vs_sakCan;thaAmb_vs_thaPel","stringtie_mRNA_60230","parsed_from_gene_id"
"Heart","OG_0009106",3,"sakLuc_vs_sakCan;thaAmb_vs_thaPel;thaRuf_vs_thaTor","XPO4","taeGut_geneID"
"Heart","OG_0009167",3,"dysSti_vs_sakCri;sakLuc_vs_sakCan;thaBer_vs_thaAtr","IRF5","taeGut_geneID"
"Heart","OG_0009226",3,"dysSti_vs_sakCri;sakLuc_vs_sakCan;thaBer_vs_thaAtr","CAB39","taeGut_geneID"
"Heart","OG_0009232",4,"dysSti_vs_sakCri;sakLuc_vs_sakCan;thaAmb_vs_thaPel;thaRuf_vs_thaTor","NUB1","taeGut_geneID"
"Heart","OG_0009280",4,"dysSti_vs_sakCri;sakLuc_vs_sakCan;thaBer_vs_thaAtr;thaRuf_vs_thaTor","GJC2","taeGut_geneID"
"Heart","OG_0009423",3,"dysSti_vs_sakCri;sakLuc_vs_sakCan;thaAmb_vs_thaPel","BTG1","taeGut_geneID"
"Heart","OG_0009424",3,"dysSti_vs_sakCri;sakLuc_vs_sakCan;thaBer_vs_thaAtr","BTG2","taeGut_geneID"
"Heart","OG_0009439",3,"sakLuc_vs_sakCan;thaAmb_vs_thaPel;thaBer_vs_thaAtr","HHIPL1","taeGut_geneID"
"Heart","OG_0009477",3,"dysSti_vs_sakCri;sakLuc_vs_sakCan;thaBer_vs_thaAtr","RRAGC","taeGut_geneID"
"Heart","OG_0009515",3,"dysSti_vs_sakCri;sakLuc_vs_sakCan;thaRuf_vs_thaTor","PRDX1","taeGut_geneID"
"Heart","OG_0009547",4,"sakLuc_vs_sakCan;thaAmb_vs_thaPel;thaBer_vs_thaAtr;thaRuf_vs_thaTor","MISP","taeGut_geneID"
"Heart","OG_0009565",3,"dysSti_vs_sakCri;thaAmb_vs_thaPel;thaRuf_vs_thaTor","SOX9","taeGut_geneID"
"Heart","OG_0009614",3,"dysSti_vs_sakCri;sakLuc_vs_sakCan;thaAmb_vs_thaPel","SYNGR2","taeGut_geneID"
"Heart","OG_0009690",3,"dysSti_vs_sakCri;sakLuc_vs_sakCan;thaRuf_vs_thaTor","ETS1","galGal_geneID"
"Heart","OG_0009747",3,"dysSti_vs_sakCri;sakLuc_vs_sakCan;thaBer_vs_thaAtr","MYBBP1A","taeGut_geneID"
"Heart","OG_0009755",3,"dysSti_vs_sakCri;sakLuc_vs_sakCan;thaBer_vs_thaAtr","YPEL5","taeGut_geneID"
"Heart","OG_0009782",3,"sakLuc_vs_sakCan;thaBer_vs_thaAtr;thaRuf_vs_thaTor","LOC105759175","taeGut_geneID"
"Heart","OG_0009838",3,"dysSti_vs_sakCri;sakLuc_vs_sakCan;thaBer_vs_thaAtr","ZC4H2","taeGut_geneID"
"Heart","OG_0009935",3,"dysSti_vs_sakCri;sakLuc_vs_sakCan;thaAmb_vs_thaPel","IL6ST","taeGut_geneID"
"Heart","OG_0009937",3,"dysSti_vs_sakCri;sakLuc_vs_sakCan;thaRuf_vs_thaTor","TMEM201","taeGut_geneID"
"Heart","OG_0010008",3,"dysSti_vs_sakCri;sakLuc_vs_sakCan;thaBer_vs_thaAtr","XPR1","taeGut_geneID"
"Heart","OG_0010154",3,"sakLuc_vs_sakCan;thaAmb_vs_thaPel;thaBer_vs_thaAtr","SHLD2","taeGut_geneID"
"Heart","OG_0010208",3,"sakLuc_vs_sakCan;thaAmb_vs_thaPel;thaBer_vs_thaAtr","MED16","taeGut_geneID"
"Heart","OG_0010343",3,"dysSti_vs_sakCri;sakLuc_vs_sakCan;thaBer_vs_thaAtr","MYOT","taeGut_geneID"
"Heart","OG_0010355",4,"dysSti_vs_sakCri;sakLuc_vs_sakCan;thaAmb_vs_thaPel;thaBer_vs_thaAtr","PPIG","taeGut_geneID"
"Heart","OG_0010384",3,"dysSti_vs_sakCri;thaBer_vs_thaAtr;thaRuf_vs_thaTor","SQSTM1","taeGut_geneID"
"Heart","OG_0010434",3,"dysSti_vs_sakCri;sakLuc_vs_sakCan;thaAmb_vs_thaPel","stringtie_mRNA_4672","parsed_from_gene_id"
"Heart","OG_0010443",4,"dysSti_vs_sakCri;sakLuc_vs_sakCan;thaAmb_vs_thaPel;thaBer_vs_thaAtr","MMUT","taeGut_geneID"
"Heart","OG_0010532",3,"sakLuc_vs_sakCan;thaBer_vs_thaAtr;thaRuf_vs_thaTor","TENT2","taeGut_geneID"
"Heart","OG_0010555",3,"dysSti_vs_sakCri;sakLuc_vs_sakCan;thaBer_vs_thaAtr","STAM","taeGut_geneID"
"Heart","OG_0010557",3,"sakLuc_vs_sakCan;thaAmb_vs_thaPel;thaBer_vs_thaAtr","STAM2","taeGut_geneID"
"Heart","OG_0010617",4,"dysSti_vs_sakCri;sakLuc_vs_sakCan;thaAmb_vs_thaPel;thaBer_vs_thaAtr","AOAH","taeGut_geneID"
"Heart","OG_0010644",3,"dysSti_vs_sakCri;sakLuc_vs_sakCan;thaBer_vs_thaAtr","FNDC1","taeGut_geneID"
"Heart","OG_0010645",3,"sakLuc_vs_sakCan;thaAmb_vs_thaPel;thaBer_vs_thaAtr","FEZ1","taeGut_geneID"
"Heart","OG_0010648",3,"sakLuc_vs_sakCan;thaBer_vs_thaAtr;thaRuf_vs_thaTor","PAG1","taeGut_geneID"
"Heart","OG_0010713",3,"dysSti_vs_sakCri;thaAmb_vs_thaPel;thaBer_vs_thaAtr","EHD4","taeGut_geneID"
"Heart","OG_0010809",3,"dysSti_vs_sakCri;thaAmb_vs_thaPel;thaBer_vs_thaAtr","FAM168B","taeGut_geneID"
"Heart","OG_0010849",3,"dysSti_vs_sakCri;sakLuc_vs_sakCan;thaRuf_vs_thaTor","VWF","parsed_from_gene_id"
"Heart","OG_0010908",4,"sakLuc_vs_sakCan;thaAmb_vs_thaPel;thaBer_vs_thaAtr;thaRuf_vs_thaTor","SCD","taeGut_geneID"
"Heart","OG_0010923",3,"dysSti_vs_sakCri;sakLuc_vs_sakCan;thaBer_vs_thaAtr","PITRM1","taeGut_geneID"
"Heart","OG_0011125",3,"dysSti_vs_sakCri;sakLuc_vs_sakCan;thaRuf_vs_thaTor","TMEM131","parsed_from_gene_id"
"Heart","OG_0011259",4,"dysSti_vs_sakCri;sakLuc_vs_sakCan;thaAmb_vs_thaPel;thaBer_vs_thaAtr","RPN2","taeGut_geneID"
"Heart","OG_0011384",3,"dysSti_vs_sakCri;sakLuc_vs_sakCan;thaBer_vs_thaAtr","WASHC5","taeGut_geneID"
"Heart","OG_0011422",3,"dysSti_vs_sakCri;sakLuc_vs_sakCan;thaBer_vs_thaAtr","ABHD6","taeGut_geneID"
"Heart","OG_0011454",3,"sakLuc_vs_sakCan;thaBer_vs_thaAtr;thaRuf_vs_thaTor","GLIS2","taeGut_geneID"
"Heart","OG_0011456",3,"dysSti_vs_sakCri;sakLuc_vs_sakCan;thaRuf_vs_thaTor","ZBTB41","taeGut_geneID"
"Heart","OG_0011466",3,"dysSti_vs_sakCri;sakLuc_vs_sakCan;thaAmb_vs_thaPel","GZF1","taeGut_geneID"
"Heart","OG_0011507",3,"sakLuc_vs_sakCan;thaAmb_vs_thaPel;thaBer_vs_thaAtr","HEXA","taeGut_geneID"
"Heart","OG_0011511",4,"sakLuc_vs_sakCan;thaAmb_vs_thaPel;thaBer_vs_thaAtr;thaRuf_vs_thaTor","COPS7A","taeGut_geneID"
"Heart","OG_0011518",3,"sakLuc_vs_sakCan;thaAmb_vs_thaPel;thaBer_vs_thaAtr","PCYOX1","taeGut_geneID"
"Heart","OG_0011601",4,"dysSti_vs_sakCri;sakLuc_vs_sakCan;thaAmb_vs_thaPel;thaRuf_vs_thaTor","MMRN1","taeGut_geneID"
"Heart","OG_0011670",3,"sakLuc_vs_sakCan;thaAmb_vs_thaPel;thaBer_vs_thaAtr","VPS18","taeGut_geneID"
"Heart","OG_0011700",3,"sakLuc_vs_sakCan;thaAmb_vs_thaPel;thaRuf_vs_thaTor","FARSB","taeGut_geneID"
"Heart","OG_0011755",3,"sakLuc_vs_sakCan;thaBer_vs_thaAtr;thaRuf_vs_thaTor","KLF4","taeGut_geneID"
"Heart","OG_0011798",3,"dysSti_vs_sakCri;sakLuc_vs_sakCan;thaRuf_vs_thaTor","PKDCC","taeGut_geneID"
"Heart","OG_0011806",5,"dysSti_vs_sakCri;sakLuc_vs_sakCan;thaAmb_vs_thaPel;thaBer_vs_thaAtr;thaRuf_vs_thaTor","ENDOG","taeGut_geneID"
"Heart","OG_0011810",4,"dysSti_vs_sakCri;sakLuc_vs_sakCan;thaAmb_vs_thaPel;thaBer_vs_thaAtr","GOLPH3L","taeGut_geneID"
"Heart","OG_0011814",3,"sakLuc_vs_sakCan;thaAmb_vs_thaPel;thaBer_vs_thaAtr","LRR1","taeGut_geneID"
"Heart","OG_0011849",3,"sakLuc_vs_sakCan;thaAmb_vs_thaPel;thaBer_vs_thaAtr","ARPC1A","taeGut_geneID"
"Heart","OG_0011850",4,"sakLuc_vs_sakCan;thaAmb_vs_thaPel;thaBer_vs_thaAtr;thaRuf_vs_thaTor","ARPC1B","taeGut_geneID"
"Heart","OG_0011999",3,"dysSti_vs_sakCri;sakLuc_vs_sakCan;thaAmb_vs_thaPel","APCDD1L","taeGut_geneID"
"Heart","OG_0012029",3,"dysSti_vs_sakCri;sakLuc_vs_sakCan;thaAmb_vs_thaPel","COMT","taeGut_geneID"
"Heart","OG_0012113",3,"dysSti_vs_sakCri;sakLuc_vs_sakCan;thaBer_vs_thaAtr","LOC140680217","taeGut_geneID"
"Heart","OG_0012238",3,"dysSti_vs_sakCri;thaAmb_vs_thaPel;thaBer_vs_thaAtr","stringtie_mRNA_16532","parsed_from_gene_id"
"Heart","OG_0012242",3,"sakLuc_vs_sakCan;thaAmb_vs_thaPel;thaBer_vs_thaAtr","PRSS23","taeGut_geneID"
"Heart","OG_0012267",4,"dysSti_vs_sakCri;sakLuc_vs_sakCan;thaBer_vs_thaAtr;thaRuf_vs_thaTor","C5H11orf24","taeGut_geneID"
"Heart","OG_0012334",3,"dysSti_vs_sakCri;sakLuc_vs_sakCan;thaBer_vs_thaAtr","EARS2","taeGut_geneID"
"Heart","OG_0012426",3,"dysSti_vs_sakCri;sakLuc_vs_sakCan;thaBer_vs_thaAtr","PPP1R3G","taeGut_geneID"
"Heart","OG_0012471",3,"sakLuc_vs_sakCan;thaAmb_vs_thaPel;thaBer_vs_thaAtr","H1-0","taeGut_geneID"
"Heart","OG_0012478",3,"dysSti_vs_sakCri;sakLuc_vs_sakCan;thaRuf_vs_thaTor","LOC100225322","taeGut_geneID"
"Heart","OG_0012533",3,"sakLuc_vs_sakCan;thaBer_vs_thaAtr;thaRuf_vs_thaTor","NUDC","taeGut_geneID"
"Heart","OG_0012543",4,"dysSti_vs_sakCri;sakLuc_vs_sakCan;thaBer_vs_thaAtr;thaRuf_vs_thaTor","PSMD2","taeGut_geneID"
"Heart","OG_0012574",5,"dysSti_vs_sakCri;sakLuc_vs_sakCan;thaAmb_vs_thaPel;thaBer_vs_thaAtr;thaRuf_vs_thaTor","AGPS","taeGut_geneID"
"Heart","OG_0012591",3,"dysSti_vs_sakCri;sakLuc_vs_sakCan;thaAmb_vs_thaPel","AR","taeGut_geneID"
"Heart","OG_0012594",3,"sakLuc_vs_sakCan;thaAmb_vs_thaPel;thaBer_vs_thaAtr","SOCS5","taeGut_geneID"
"Heart","OG_0012608",3,"sakLuc_vs_sakCan;thaAmb_vs_thaPel;thaBer_vs_thaAtr","SPRY3","parsed_from_gene_id"
"Heart","OG_0012610",3,"dysSti_vs_sakCri;sakLuc_vs_sakCan;thaBer_vs_thaAtr","BMPR1A","taeGut_geneID"
"Heart","OG_0012636",4,"dysSti_vs_sakCri;sakLuc_vs_sakCan;thaBer_vs_thaAtr;thaRuf_vs_thaTor","TAF3","taeGut_geneID"
"Heart","OG_0012682",4,"dysSti_vs_sakCri;sakLuc_vs_sakCan;thaBer_vs_thaAtr;thaRuf_vs_thaTor","VPS53","taeGut_geneID"
"Heart","OG_0012693",3,"dysSti_vs_sakCri;sakLuc_vs_sakCan;thaBer_vs_thaAtr","FBXO9","taeGut_geneID"
"Heart","OG_0012694",3,"dysSti_vs_sakCri;sakLuc_vs_sakCan;thaAmb_vs_thaPel","TMEM14A","taeGut_geneID"
"Heart","OG_0012701",3,"dysSti_vs_sakCri;sakLuc_vs_sakCan;thaBer_vs_thaAtr","CHORDC1","taeGut_geneID"
"Heart","OG_0012795",3,"dysSti_vs_sakCri;sakLuc_vs_sakCan;thaBer_vs_thaAtr","FABP3","taeGut_geneID"
"Heart","OG_0012804",3,"sakLuc_vs_sakCan;thaAmb_vs_thaPel;thaBer_vs_thaAtr","GJA5","taeGut_geneID"
"Heart","OG_0012822",3,"dysSti_vs_sakCri;sakLuc_vs_sakCan;thaRuf_vs_thaTor","SERPIND1","taeGut_geneID"
"Heart","OG_0012835",3,"dysSti_vs_sakCri;sakLuc_vs_sakCan;thaBer_vs_thaAtr","LOC100220412","taeGut_geneID"
"Heart","OG_0012843",3,"dysSti_vs_sakCri;sakLuc_vs_sakCan;thaBer_vs_thaAtr","JARID2","taeGut_geneID"
"Heart","OG_0012859",3,"sakLuc_vs_sakCan;thaBer_vs_thaAtr;thaRuf_vs_thaTor","RALBP1","galGal_geneID"
"Heart","OG_0012899",4,"dysSti_vs_sakCri;sakLuc_vs_sakCan;thaAmb_vs_thaPel;thaBer_vs_thaAtr","VWA8","parsed_from_gene_id"
"Heart","OG_0013035",3,"dysSti_vs_sakCri;sakLuc_vs_sakCan;thaAmb_vs_thaPel","ABRA","taeGut_geneID"
"Heart","OG_0013079",3,"sakLuc_vs_sakCan;thaAmb_vs_thaPel;thaBer_vs_thaAtr","DUSP6","taeGut_geneID"
"Heart","OG_0013150",3,"sakLuc_vs_sakCan;thaAmb_vs_thaPel;thaRuf_vs_thaTor","SHB","taeGut_geneID"
"Heart","OG_0013153",4,"dysSti_vs_sakCri;sakLuc_vs_sakCan;thaAmb_vs_thaPel;thaBer_vs_thaAtr","LSP1","taeGut_geneID"
"Heart","OG_0013170",3,"dysSti_vs_sakCri;sakLuc_vs_sakCan;thaBer_vs_thaAtr","EGR1","taeGut_geneID"
"Heart","OG_0013202",3,"dysSti_vs_sakCri;thaAmb_vs_thaPel;thaBer_vs_thaAtr","FGF1","taeGut_geneID"
"Heart","OG_0013215",4,"dysSti_vs_sakCri;sakLuc_vs_sakCan;thaAmb_vs_thaPel;thaBer_vs_thaAtr","DGCR8","taeGut_geneID"
"Heart","OG_0013229",3,"sakLuc_vs_sakCan;thaAmb_vs_thaPel;thaRuf_vs_thaTor","IPP","taeGut_geneID"
"Heart","OG_0013246",3,"dysSti_vs_sakCri;sakLuc_vs_sakCan;thaBer_vs_thaAtr","ARHGDIB","taeGut_geneID"
"Heart","OG_0013247",3,"dysSti_vs_sakCri;thaAmb_vs_thaPel;thaBer_vs_thaAtr","ARHGDIA","taeGut_geneID"
"Heart","OG_0013258",3,"sakLuc_vs_sakCan;thaBer_vs_thaAtr;thaRuf_vs_thaTor","ETFDH","taeGut_geneID"
"Heart","OG_0013273",3,"dysSti_vs_sakCri;sakLuc_vs_sakCan;thaBer_vs_thaAtr","C2H7orf25","taeGut_geneID"
"Heart","OG_0013298",3,"sakLuc_vs_sakCan;thaAmb_vs_thaPel;thaRuf_vs_thaTor","ADAM11","taeGut_geneID"
"Heart","OG_0013354",5,"dysSti_vs_sakCri;sakLuc_vs_sakCan;thaAmb_vs_thaPel;thaBer_vs_thaAtr;thaRuf_vs_thaTor","YBX3","taeGut_geneID"
"Heart","OG_0013376",3,"dysSti_vs_sakCri;sakLuc_vs_sakCan;thaBer_vs_thaAtr","RARRES1","taeGut_geneID"
"Heart","OG_0013422",3,"sakLuc_vs_sakCan;thaBer_vs_thaAtr;thaRuf_vs_thaTor","TNNC1","taeGut_geneID"
"Heart","OG_0013423",3,"dysSti_vs_sakCri;sakLuc_vs_sakCan;thaBer_vs_thaAtr","CREBRF","taeGut_geneID"
"Heart","OG_0013474",3,"sakLuc_vs_sakCan;thaAmb_vs_thaPel;thaBer_vs_thaAtr","LOC100228529","taeGut_geneID"
"Heart","OG_0013551",3,"dysSti_vs_sakCri;sakLuc_vs_sakCan;thaBer_vs_thaAtr","TMEM271","taeGut_geneID"
"Heart","OG_0013594",3,"sakLuc_vs_sakCan;thaAmb_vs_thaPel;thaBer_vs_thaAtr","LAPTM4B","taeGut_geneID"
"Heart","OG_0013678",3,"sakLuc_vs_sakCan;thaAmb_vs_thaPel;thaRuf_vs_thaTor","NABP1","taeGut_geneID"
"Heart","OG_0013698",4,"dysSti_vs_sakCri;sakLuc_vs_sakCan;thaAmb_vs_thaPel;thaBer_vs_thaAtr","EPB42","taeGut_geneID"
"Heart","OG_0013750",3,"dysSti_vs_sakCri;sakLuc_vs_sakCan;thaAmb_vs_thaPel","TMEM237","taeGut_geneID"
"Heart","OG_0013843",3,"dysSti_vs_sakCri;sakLuc_vs_sakCan;thaBer_vs_thaAtr","SLC12A5","parsed_from_gene_id"
"Heart","OG_0013871",3,"dysSti_vs_sakCri;sakLuc_vs_sakCan;thaBer_vs_thaAtr","C7","taeGut_geneID"
"Heart","OG_0013909",3,"dysSti_vs_sakCri;sakLuc_vs_sakCan;thaAmb_vs_thaPel","SMPD2","taeGut_geneID"
"Heart","OG_0013940",3,"sakLuc_vs_sakCan;thaBer_vs_thaAtr;thaRuf_vs_thaTor","GABARAPL2","taeGut_geneID"
"Heart","OG_0013976",4,"dysSti_vs_sakCri;thaAmb_vs_thaPel;thaBer_vs_thaAtr;thaRuf_vs_thaTor","TPRA1","taeGut_geneID"
"Heart","OG_0013980",3,"dysSti_vs_sakCri;sakLuc_vs_sakCan;thaBer_vs_thaAtr","COQ6","taeGut_geneID"
"Heart","OG_0014026",3,"dysSti_vs_sakCri;sakLuc_vs_sakCan;thaAmb_vs_thaPel","CD34","taeGut_geneID"
"Heart","OG_0014047",3,"sakLuc_vs_sakCan;thaAmb_vs_thaPel;thaBer_vs_thaAtr","MXRA8","taeGut_geneID"
"Heart","OG_0014064",3,"dysSti_vs_sakCri;sakLuc_vs_sakCan;thaRuf_vs_thaTor","ZNF407","parsed_from_gene_id"
"Heart","OG_0014182",3,"sakLuc_vs_sakCan;thaAmb_vs_thaPel;thaBer_vs_thaAtr","NDUFS1","taeGut_geneID"
"Heart","OG_0014224",3,"sakLuc_vs_sakCan;thaAmb_vs_thaPel;thaRuf_vs_thaTor","SLC25A20","taeGut_geneID"
"Heart","OG_0014225",4,"sakLuc_vs_sakCan;thaAmb_vs_thaPel;thaBer_vs_thaAtr;thaRuf_vs_thaTor","SLC25A29","taeGut_geneID"
"Heart","OG_0014321",3,"dysSti_vs_sakCri;thaBer_vs_thaAtr;thaRuf_vs_thaTor","NCBP3","taeGut_geneID"
"Heart","OG_0014402",3,"dysSti_vs_sakCri;sakLuc_vs_sakCan;thaBer_vs_thaAtr","MAEA","taeGut_geneID"
"Heart","OG_0014516",3,"dysSti_vs_sakCri;sakLuc_vs_sakCan;thaBer_vs_thaAtr","PLA2G12A","taeGut_geneID"
"Heart","OG_0014540",3,"dysSti_vs_sakCri;sakLuc_vs_sakCan;thaRuf_vs_thaTor","POLR1E","taeGut_geneID"
"Heart","OG_0014545",3,"sakLuc_vs_sakCan;thaAmb_vs_thaPel;thaRuf_vs_thaTor","UBAC1","taeGut_geneID"
"Heart","OG_0014656",3,"dysSti_vs_sakCri;sakLuc_vs_sakCan;thaRuf_vs_thaTor","THY1","taeGut_geneID"
"Heart","OG_0014659",3,"dysSti_vs_sakCri;thaAmb_vs_thaPel;thaBer_vs_thaAtr","stringtie_mRNA_50541","parsed_from_gene_id"
"Heart","OG_0014735",3,"sakLuc_vs_sakCan;thaBer_vs_thaAtr;thaRuf_vs_thaTor","CCDC63","taeGut_geneID"
"Heart","OG_0014751",3,"dysSti_vs_sakCri;sakLuc_vs_sakCan;thaBer_vs_thaAtr","CHMP1B","taeGut_geneID"
"Heart","OG_0014762",3,"sakLuc_vs_sakCan;thaAmb_vs_thaPel;thaRuf_vs_thaTor","RPA1","taeGut_geneID"
"Heart","OG_0014824",3,"dysSti_vs_sakCri;sakLuc_vs_sakCan;thaBer_vs_thaAtr","NDUFS2","taeGut_geneID"
"Heart","OG_0014910",3,"sakLuc_vs_sakCan;thaAmb_vs_thaPel;thaBer_vs_thaAtr","KLF10","taeGut_geneID"
"Heart","OG_0014951",3,"sakLuc_vs_sakCan;thaBer_vs_thaAtr;thaRuf_vs_thaTor","TSG101","taeGut_geneID"
"Heart","OG_0014962",3,"dysSti_vs_sakCri;sakLuc_vs_sakCan;thaBer_vs_thaAtr","EIF2B3","taeGut_geneID"
"Heart","OG_0015059",3,"dysSti_vs_sakCri;sakLuc_vs_sakCan;thaBer_vs_thaAtr","LOC116808697","taeGut_geneID"
"Heart","OG_0015090",3,"dysSti_vs_sakCri;sakLuc_vs_sakCan;thaBer_vs_thaAtr","ATF6","taeGut_geneID"
"Heart","OG_0015099",4,"sakLuc_vs_sakCan;thaAmb_vs_thaPel;thaBer_vs_thaAtr;thaRuf_vs_thaTor","ZFP36L1","taeGut_geneID"
"Heart","OG_0015143",3,"dysSti_vs_sakCri;sakLuc_vs_sakCan;thaBer_vs_thaAtr","TRNT1","taeGut_geneID"
"Heart","OG_0015262",3,"dysSti_vs_sakCri;sakLuc_vs_sakCan;thaBer_vs_thaAtr","DKK3","taeGut_geneID"
"Heart","OG_0015272",4,"dysSti_vs_sakCri;sakLuc_vs_sakCan;thaAmb_vs_thaPel;thaBer_vs_thaAtr","DCN","taeGut_geneID"
"Heart","OG_0015362",3,"sakLuc_vs_sakCan;thaAmb_vs_thaPel;thaRuf_vs_thaTor","CDC34","taeGut_geneID"
"Heart","OG_0015464",3,"sakLuc_vs_sakCan;thaAmb_vs_thaPel;thaBer_vs_thaAtr","EDA2R","taeGut_geneID"
"Heart","OG_0015473",4,"sakLuc_vs_sakCan;thaAmb_vs_thaPel;thaBer_vs_thaAtr;thaRuf_vs_thaTor","RAI2","taeGut_geneID"
"Heart","OG_0015511",3,"dysSti_vs_sakCri;sakLuc_vs_sakCan;thaAmb_vs_thaPel","MRPS35","taeGut_geneID"
"Heart","OG_0015512",3,"dysSti_vs_sakCri;sakLuc_vs_sakCan;thaAmb_vs_thaPel","TBRG4","taeGut_geneID"
"Heart","OG_0015573",4,"dysSti_vs_sakCri;sakLuc_vs_sakCan;thaAmb_vs_thaPel;thaBer_vs_thaAtr","PSMD12","taeGut_geneID"
"Heart","OG_0015595",3,"dysSti_vs_sakCri;sakLuc_vs_sakCan;thaAmb_vs_thaPel","TMEM45A","taeGut_geneID"
"Heart","OG_0015687",3,"sakLuc_vs_sakCan;thaBer_vs_thaAtr;thaRuf_vs_thaTor","ZBTB26","taeGut_geneID"
"Heart","OG_0015721",3,"dysSti_vs_sakCri;thaAmb_vs_thaPel;thaBer_vs_thaAtr","LUM","taeGut_geneID"
"Heart","OG_0015722",3,"sakLuc_vs_sakCan;thaBer_vs_thaAtr;thaRuf_vs_thaTor","FMOD","taeGut_geneID"
"Heart","OG_0015730",3,"sakLuc_vs_sakCan;thaAmb_vs_thaPel;thaRuf_vs_thaTor","TCN2","taeGut_geneID"
"Heart","OG_0015747",3,"sakLuc_vs_sakCan;thaAmb_vs_thaPel;thaBer_vs_thaAtr","GEM","taeGut_geneID"
"Heart","OG_0015787",5,"dysSti_vs_sakCri;sakLuc_vs_sakCan;thaAmb_vs_thaPel;thaBer_vs_thaAtr;thaRuf_vs_thaTor","SNAPC1","taeGut_geneID"
"Heart","OG_0015800",3,"sakLuc_vs_sakCan;thaBer_vs_thaAtr;thaRuf_vs_thaTor","ORMDL1","parsed_from_gene_id"
"Heart","OG_0015802",3,"sakLuc_vs_sakCan;thaAmb_vs_thaPel;thaBer_vs_thaAtr","NMD3","taeGut_geneID"
"Heart","OG_0015860",4,"dysSti_vs_sakCri;sakLuc_vs_sakCan;thaBer_vs_thaAtr;thaRuf_vs_thaTor","NDUFS6","taeGut_geneID"
"Heart","OG_0015944",3,"dysSti_vs_sakCri;sakLuc_vs_sakCan;thaBer_vs_thaAtr","FBXO22","taeGut_geneID"
"Heart","OG_0015966",3,"sakLuc_vs_sakCan;thaBer_vs_thaAtr;thaRuf_vs_thaTor","LYAR","taeGut_geneID"
"Heart","OG_0015990",3,"sakLuc_vs_sakCan;thaAmb_vs_thaPel;thaBer_vs_thaAtr","EIF5","taeGut_geneID"
"Heart","OG_0016019",5,"dysSti_vs_sakCri;sakLuc_vs_sakCan;thaAmb_vs_thaPel;thaBer_vs_thaAtr;thaRuf_vs_thaTor","EEF2","taeGut_geneID"
"Heart","OG_0016130",3,"sakLuc_vs_sakCan;thaAmb_vs_thaPel;thaBer_vs_thaAtr","TAF5L","taeGut_geneID"
"Heart","OG_0016138",3,"sakLuc_vs_sakCan;thaAmb_vs_thaPel;thaBer_vs_thaAtr","ASB6","taeGut_geneID"
"Heart","OG_0016180",3,"sakLuc_vs_sakCan;thaAmb_vs_thaPel;thaBer_vs_thaAtr","VPS51","taeGut_geneID"
"Heart","OG_0016391",3,"dysSti_vs_sakCri;sakLuc_vs_sakCan;thaAmb_vs_thaPel","TTL","taeGut_geneID"
"Heart","OG_0016397",3,"sakLuc_vs_sakCan;thaAmb_vs_thaPel;thaBer_vs_thaAtr","SNX3","taeGut_geneID"
"Heart","OG_0016447",3,"dysSti_vs_sakCri;sakLuc_vs_sakCan;thaBer_vs_thaAtr","PPP1R15B","taeGut_geneID"
"Heart","OG_0016477",3,"dysSti_vs_sakCri;sakLuc_vs_sakCan;thaAmb_vs_thaPel","LOC105758586","taeGut_geneID"
"Heart","OG_0016550",4,"dysSti_vs_sakCri;sakLuc_vs_sakCan;thaAmb_vs_thaPel;thaBer_vs_thaAtr","GPX1","taeGut_geneID"
"Heart","OG_0016563",4,"dysSti_vs_sakCri;sakLuc_vs_sakCan;thaAmb_vs_thaPel;thaBer_vs_thaAtr","UGCG","taeGut_geneID"
"Heart","OG_0016579",3,"dysSti_vs_sakCri;sakLuc_vs_sakCan;thaBer_vs_thaAtr","LOC100232496","taeGut_geneID"
"Heart","OG_0016685",4,"sakLuc_vs_sakCan;thaAmb_vs_thaPel;thaBer_vs_thaAtr;thaRuf_vs_thaTor","C5H14orf180","taeGut_geneID"
"Heart","OG_0016720",3,"sakLuc_vs_sakCan;thaAmb_vs_thaPel;thaBer_vs_thaAtr","FGL2","taeGut_geneID"
"Heart","OG_0016742",3,"dysSti_vs_sakCri;thaBer_vs_thaAtr;thaRuf_vs_thaTor","XBP1","taeGut_geneID"
"Heart","OG_0016797",3,"dysSti_vs_sakCri;sakLuc_vs_sakCan;thaBer_vs_thaAtr","CBFB","taeGut_geneID"
"Heart","OG_0016833",3,"sakLuc_vs_sakCan;thaAmb_vs_thaPel;thaBer_vs_thaAtr","GLUD1","taeGut_geneID"
"Heart","OG_0016842",3,"sakLuc_vs_sakCan;thaAmb_vs_thaPel;thaBer_vs_thaAtr","SLC25A17","taeGut_geneID"
"Heart","OG_0016895",3,"dysSti_vs_sakCri;sakLuc_vs_sakCan;thaBer_vs_thaAtr","RAN","taeGut_geneID"
"Heart","OG_0016923",5,"dysSti_vs_sakCri;sakLuc_vs_sakCan;thaAmb_vs_thaPel;thaBer_vs_thaAtr;thaRuf_vs_thaTor","PRELP","taeGut_geneID"
"Heart","OG_0016931",3,"dysSti_vs_sakCri;sakLuc_vs_sakCan;thaBer_vs_thaAtr","CKAP4","taeGut_geneID"
"Heart","OG_0016954",3,"dysSti_vs_sakCri;sakLuc_vs_sakCan;thaAmb_vs_thaPel","CAAP1","taeGut_geneID"
"Heart","OG_0016962",3,"dysSti_vs_sakCri;sakLuc_vs_sakCan;thaBer_vs_thaAtr","MGMT","taeGut_geneID"
"Heart","OG_0016988",3,"dysSti_vs_sakCri;sakLuc_vs_sakCan;thaBer_vs_thaAtr","AAGAB","taeGut_geneID"
"Heart","OG_0016992",3,"dysSti_vs_sakCri;sakLuc_vs_sakCan;thaBer_vs_thaAtr","PEX11G","taeGut_geneID"
"Heart","OG_0017002",3,"dysSti_vs_sakCri;sakLuc_vs_sakCan;thaAmb_vs_thaPel","ALG2","taeGut_geneID"
"Heart","OG_0017220",3,"dysSti_vs_sakCri;sakLuc_vs_sakCan;thaAmb_vs_thaPel","CDH13","galGal_geneID"
"Heart","OG_0017248",3,"sakLuc_vs_sakCan;thaAmb_vs_thaPel;thaBer_vs_thaAtr","CCNJ","taeGut_geneID"
"Heart","OG_0017269",3,"sakLuc_vs_sakCan;thaAmb_vs_thaPel;thaBer_vs_thaAtr","SNAPC3","taeGut_geneID"
"Heart","OG_0017330",3,"dysSti_vs_sakCri;sakLuc_vs_sakCan;thaAmb_vs_thaPel","HSPA9","taeGut_geneID"
"Heart","OG_0017335",3,"sakLuc_vs_sakCan;thaAmb_vs_thaPel;thaBer_vs_thaAtr","PRUNE1","taeGut_geneID"
"Heart","OG_0017424",3,"sakLuc_vs_sakCan;thaAmb_vs_thaPel;thaBer_vs_thaAtr","LOC422442","galGal_geneID"
"Heart","OG_0017460",3,"dysSti_vs_sakCri;sakLuc_vs_sakCan;thaBer_vs_thaAtr","C1H21orf91","taeGut_geneID"
"Heart","OG_0017471",3,"sakLuc_vs_sakCan;thaAmb_vs_thaPel;thaBer_vs_thaAtr","CISH","taeGut_geneID"
"Heart","OG_0017590",3,"dysSti_vs_sakCri;sakLuc_vs_sakCan;thaBer_vs_thaAtr","TAF11","taeGut_geneID"
"Heart","OG_0017712",3,"sakLuc_vs_sakCan;thaBer_vs_thaAtr;thaRuf_vs_thaTor","CLDN11","taeGut_geneID"
"Heart","OG_0017783",3,"dysSti_vs_sakCri;sakLuc_vs_sakCan;thaBer_vs_thaAtr","EMG1","taeGut_geneID"
"Heart","OG_0017803",3,"dysSti_vs_sakCri;sakLuc_vs_sakCan;thaBer_vs_thaAtr","BCAS2","taeGut_geneID"
"Heart","OG_0017808",4,"sakLuc_vs_sakCan;thaAmb_vs_thaPel;thaBer_vs_thaAtr;thaRuf_vs_thaTor","RWDD1","taeGut_geneID"
"Heart","OG_0017815",3,"sakLuc_vs_sakCan;thaAmb_vs_thaPel;thaBer_vs_thaAtr","ACER3","taeGut_geneID"
"Heart","OG_0017928",4,"dysSti_vs_sakCri;sakLuc_vs_sakCan;thaBer_vs_thaAtr;thaRuf_vs_thaTor","stringtie_mRNA_48175","parsed_from_gene_id"
"Heart","OG_0018042",3,"dysSti_vs_sakCri;sakLuc_vs_sakCan;thaBer_vs_thaAtr","TMEM37","taeGut_geneID"
"Heart","OG_0018047",4,"sakLuc_vs_sakCan;thaAmb_vs_thaPel;thaBer_vs_thaAtr;thaRuf_vs_thaTor","CLEC3B","taeGut_geneID"
"Heart","OG_0018051",3,"sakLuc_vs_sakCan;thaAmb_vs_thaPel;thaBer_vs_thaAtr","E2F1","taeGut_geneID"
"Heart","OG_0018077",3,"dysSti_vs_sakCri;sakLuc_vs_sakCan;thaAmb_vs_thaPel","OGN","taeGut_geneID"
"Heart","OG_0018107",3,"dysSti_vs_sakCri;sakLuc_vs_sakCan;thaBer_vs_thaAtr","C1QBP","galGal_geneID"
"Heart","OG_0018122",3,"dysSti_vs_sakCri;thaAmb_vs_thaPel;thaBer_vs_thaAtr","ATP5F1D","taeGut_geneID"
"Heart","OG_0018127",3,"dysSti_vs_sakCri;sakLuc_vs_sakCan;thaBer_vs_thaAtr","RPL36A","galGal_geneID"
"Heart","OG_0018146",4,"dysSti_vs_sakCri;sakLuc_vs_sakCan;thaAmb_vs_thaPel;thaBer_vs_thaAtr","RPL5","taeGut_geneID"
"Heart","OG_0018147",3,"dysSti_vs_sakCri;sakLuc_vs_sakCan;thaRuf_vs_thaTor","RPA2","taeGut_geneID"
"Heart","OG_0018158",3,"sakLuc_vs_sakCan;thaAmb_vs_thaPel;thaRuf_vs_thaTor","NUDT1","taeGut_geneID"
"Heart","OG_0018332",3,"sakLuc_vs_sakCan;thaAmb_vs_thaPel;thaBer_vs_thaAtr","CD40","taeGut_geneID"
"Heart","OG_0018407",3,"sakLuc_vs_sakCan;thaAmb_vs_thaPel;thaBer_vs_thaAtr","SPON2","taeGut_geneID"
"Heart","OG_0018448",3,"dysSti_vs_sakCri;sakLuc_vs_sakCan;thaBer_vs_thaAtr","PSMD6","taeGut_geneID"
"Heart","OG_0018477",4,"dysSti_vs_sakCri;sakLuc_vs_sakCan;thaBer_vs_thaAtr;thaRuf_vs_thaTor","LACTB2","taeGut_geneID"
"Heart","OG_0018491",3,"dysSti_vs_sakCri;sakLuc_vs_sakCan;thaBer_vs_thaAtr","DUT","taeGut_geneID"
"Heart","OG_0018557",3,"sakLuc_vs_sakCan;thaBer_vs_thaAtr;thaRuf_vs_thaTor","AGTPBP1","taeGut_geneID"
"Heart","OG_0018700",3,"sakLuc_vs_sakCan;thaAmb_vs_thaPel;thaRuf_vs_thaTor","IFI30","taeGut_geneID"
"Heart","OG_0018711",4,"dysSti_vs_sakCri;sakLuc_vs_sakCan;thaBer_vs_thaAtr;thaRuf_vs_thaTor","ATP6V0B","taeGut_geneID"
"Heart","OG_0018745",3,"sakLuc_vs_sakCan;thaBer_vs_thaAtr;thaRuf_vs_thaTor","ERG28","taeGut_geneID"
"Heart","OG_0018831",3,"dysSti_vs_sakCri;sakLuc_vs_sakCan;thaBer_vs_thaAtr","LOC115495845","taeGut_geneID"
"Heart","OG_0018883",3,"dysSti_vs_sakCri;sakLuc_vs_sakCan;thaBer_vs_thaAtr","TMEM275","taeGut_geneID"
"Heart","OG_0018911",3,"dysSti_vs_sakCri;sakLuc_vs_sakCan;thaBer_vs_thaAtr","SMIM19","taeGut_geneID"
"Heart","OG_0018914",3,"dysSti_vs_sakCri;sakLuc_vs_sakCan;thaRuf_vs_thaTor","BCL10","taeGut_geneID"
"Heart","OG_0018921",3,"sakLuc_vs_sakCan;thaAmb_vs_thaPel;thaBer_vs_thaAtr","C5H11orf58","taeGut_geneID"
"Heart","OG_0018922",3,"sakLuc_vs_sakCan;thaAmb_vs_thaPel;thaRuf_vs_thaTor","NDUFAF4","taeGut_geneID"
"Heart","OG_0018941",3,"dysSti_vs_sakCri;sakLuc_vs_sakCan;thaBer_vs_thaAtr","CYBA","taeGut_geneID"
"Heart","OG_0018951",3,"dysSti_vs_sakCri;sakLuc_vs_sakCan;thaBer_vs_thaAtr","EMC4","taeGut_geneID"
"Heart","OG_0018968",3,"sakLuc_vs_sakCan;thaAmb_vs_thaPel;thaBer_vs_thaAtr","PXMP4","taeGut_geneID"
"Heart","OG_0019236",3,"dysSti_vs_sakCri;sakLuc_vs_sakCan;thaBer_vs_thaAtr","AQP11","galGal_geneID"
"Heart","OG_0019321",4,"dysSti_vs_sakCri;sakLuc_vs_sakCan;thaAmb_vs_thaPel;thaBer_vs_thaAtr","COQ2","taeGut_geneID"
"Heart","OG_0019369",3,"dysSti_vs_sakCri;thaAmb_vs_thaPel;thaRuf_vs_thaTor","stringtie_mRNA_23713","parsed_from_gene_id"
"Heart","OG_0019418",3,"dysSti_vs_sakCri;sakLuc_vs_sakCan;thaBer_vs_thaAtr","GMNN","taeGut_geneID"
"Heart","OG_0019477",3,"dysSti_vs_sakCri;sakLuc_vs_sakCan;thaBer_vs_thaAtr","COLEC10","taeGut_geneID"
"Heart","OG_0019487",3,"dysSti_vs_sakCri;sakLuc_vs_sakCan;thaBer_vs_thaAtr","FAM185A","taeGut_geneID"
"Heart","OG_0019534",3,"sakLuc_vs_sakCan;thaAmb_vs_thaPel;thaBer_vs_thaAtr","MOSPD1","taeGut_geneID"
"Heart","OG_0019548",3,"sakLuc_vs_sakCan;thaAmb_vs_thaPel;thaBer_vs_thaAtr","GMPPB","galGal_geneID"
"Heart","OG_0019558",3,"dysSti_vs_sakCri;thaAmb_vs_thaPel;thaBer_vs_thaAtr","PWP1","taeGut_geneID"
"Heart","OG_0019638",4,"dysSti_vs_sakCri;sakLuc_vs_sakCan;thaAmb_vs_thaPel;thaRuf_vs_thaTor","MFAP5","taeGut_geneID"
"Heart","OG_0019648",3,"sakLuc_vs_sakCan;thaAmb_vs_thaPel;thaBer_vs_thaAtr","CD80","taeGut_geneID"
"Heart","OG_0019667",4,"dysSti_vs_sakCri;sakLuc_vs_sakCan;thaAmb_vs_thaPel;thaRuf_vs_thaTor","CCDC126","taeGut_geneID"
"Heart","OG_0019688",3,"sakLuc_vs_sakCan;thaAmb_vs_thaPel;thaRuf_vs_thaTor","C1QTNF2","taeGut_geneID"
"Heart","OG_0019736",3,"dysSti_vs_sakCri;sakLuc_vs_sakCan;thaBer_vs_thaAtr","ATP5PF","taeGut_geneID"
"Heart","OG_0019760",3,"dysSti_vs_sakCri;sakLuc_vs_sakCan;thaBer_vs_thaAtr","KDELR3","taeGut_geneID"
"Heart","OG_0019762",3,"sakLuc_vs_sakCan;thaAmb_vs_thaPel;thaBer_vs_thaAtr","KDELR2","taeGut_geneID"
"Heart","OG_0019776",3,"sakLuc_vs_sakCan;thaAmb_vs_thaPel;thaBer_vs_thaAtr","SMYD5","taeGut_geneID"
"Heart","OG_0019936",3,"sakLuc_vs_sakCan;thaAmb_vs_thaPel;thaBer_vs_thaAtr","CD276","taeGut_geneID"
"Heart","OG_0019973",5,"dysSti_vs_sakCri;sakLuc_vs_sakCan;thaAmb_vs_thaPel;thaBer_vs_thaAtr;thaRuf_vs_thaTor","IGFBP4","taeGut_geneID"
"Heart","OG_0019979",4,"dysSti_vs_sakCri;sakLuc_vs_sakCan;thaAmb_vs_thaPel;thaBer_vs_thaAtr","SOD3","taeGut_geneID"
"Heart","OG_0019998",3,"sakLuc_vs_sakCan;thaAmb_vs_thaPel;thaBer_vs_thaAtr","CMPK2","taeGut_geneID"
"Heart","OG_0020033",3,"sakLuc_vs_sakCan;thaAmb_vs_thaPel;thaBer_vs_thaAtr","RBM22","taeGut_geneID"
"Heart","OG_0020035",3,"sakLuc_vs_sakCan;thaAmb_vs_thaPel;thaBer_vs_thaAtr","LOC100227781","taeGut_geneID"
"Heart","OG_0020210",4,"dysSti_vs_sakCri;sakLuc_vs_sakCan;thaAmb_vs_thaPel;thaBer_vs_thaAtr","MALSU1","taeGut_geneID"
"Heart","OG_0020216",4,"dysSti_vs_sakCri;sakLuc_vs_sakCan;thaAmb_vs_thaPel;thaRuf_vs_thaTor","OTUD1","taeGut_geneID"
"Heart","OG_0020237",3,"sakLuc_vs_sakCan;thaAmb_vs_thaPel;thaRuf_vs_thaTor","RNF7","taeGut_geneID"
"Heart","OG_0020309",3,"sakLuc_vs_sakCan;thaBer_vs_thaAtr;thaRuf_vs_thaTor","MRPL44","taeGut_geneID"
"Heart","OG_0020310",3,"sakLuc_vs_sakCan;thaAmb_vs_thaPel;thaBer_vs_thaAtr","NUDT19","taeGut_geneID"
"Heart","OG_0020363",3,"dysSti_vs_sakCri;sakLuc_vs_sakCan;thaRuf_vs_thaTor","PSMD3","taeGut_geneID"
"Heart","OG_0020385",3,"dysSti_vs_sakCri;sakLuc_vs_sakCan;thaAmb_vs_thaPel","THYN1","taeGut_geneID"
"Heart","OG_0020422",3,"dysSti_vs_sakCri;sakLuc_vs_sakCan;thaBer_vs_thaAtr","WASF3","parsed_from_gene_id"
"Heart","OG_0020500",3,"sakLuc_vs_sakCan;thaAmb_vs_thaPel;thaRuf_vs_thaTor","C13H5orf15","taeGut_geneID"
"Heart","OG_0020521",5,"dysSti_vs_sakCri;sakLuc_vs_sakCan;thaAmb_vs_thaPel;thaBer_vs_thaAtr;thaRuf_vs_thaTor","APOA1","taeGut_geneID"
"Heart","OG_0020573",4,"dysSti_vs_sakCri;sakLuc_vs_sakCan;thaBer_vs_thaAtr;thaRuf_vs_thaTor","RAB12","taeGut_geneID"
"Heart","OG_0020581",3,"dysSti_vs_sakCri;sakLuc_vs_sakCan;thaBer_vs_thaAtr","CISD1","taeGut_geneID"
"Heart","OG_0020667",4,"sakLuc_vs_sakCan;thaAmb_vs_thaPel;thaBer_vs_thaAtr;thaRuf_vs_thaTor","MRPL46","taeGut_geneID"
"Heart","OG_0020684",4,"dysSti_vs_sakCri;sakLuc_vs_sakCan;thaBer_vs_thaAtr;thaRuf_vs_thaTor","ETF1","taeGut_geneID"
"Heart","OG_0020719",3,"dysSti_vs_sakCri;sakLuc_vs_sakCan;thaBer_vs_thaAtr","stringtie_mRNA_51750","parsed_from_gene_id"
"Heart","OG_0020789",4,"dysSti_vs_sakCri;sakLuc_vs_sakCan;thaAmb_vs_thaPel;thaRuf_vs_thaTor","LOC100232025","taeGut_geneID"
"Heart","OG_0020851",3,"dysSti_vs_sakCri;thaBer_vs_thaAtr;thaRuf_vs_thaTor","CAVIN2","taeGut_geneID"
"Heart","OG_0020863",4,"dysSti_vs_sakCri;sakLuc_vs_sakCan;thaAmb_vs_thaPel;thaBer_vs_thaAtr","FAM199X","taeGut_geneID"
"Heart","OG_0021116",4,"dysSti_vs_sakCri;sakLuc_vs_sakCan;thaAmb_vs_thaPel;thaRuf_vs_thaTor","VSIR","taeGut_geneID"
"Heart","OG_0021170",3,"dysSti_vs_sakCri;sakLuc_vs_sakCan;thaAmb_vs_thaPel","UQCRFS1","taeGut_geneID"
"Heart","OG_0021188",4,"dysSti_vs_sakCri;sakLuc_vs_sakCan;thaBer_vs_thaAtr;thaRuf_vs_thaTor","ELOC","taeGut_geneID"
"Heart","OG_0021218",3,"dysSti_vs_sakCri;sakLuc_vs_sakCan;thaAmb_vs_thaPel","FEN1","taeGut_geneID"
"Heart","OG_0021222",4,"dysSti_vs_sakCri;sakLuc_vs_sakCan;thaAmb_vs_thaPel;thaBer_vs_thaAtr","RSAD2","taeGut_geneID"
"Heart","OG_0021243",3,"dysSti_vs_sakCri;sakLuc_vs_sakCan;thaBer_vs_thaAtr","LOC115491092","taeGut_geneID"
"Heart","OG_0021387",3,"dysSti_vs_sakCri;sakLuc_vs_sakCan;thaAmb_vs_thaPel","NPPA","taeGut_geneID"
"Heart","OG_0021395",3,"dysSti_vs_sakCri;sakLuc_vs_sakCan;thaBer_vs_thaAtr","C1QC","taeGut_geneID"
"Heart","OG_0021401",3,"sakLuc_vs_sakCan;thaBer_vs_thaAtr;thaRuf_vs_thaTor","LOC770617","galGal_geneID"
"Heart","OG_0021421",3,"sakLuc_vs_sakCan;thaAmb_vs_thaPel;thaBer_vs_thaAtr","CLDN5","taeGut_geneID"
"Heart","OG_0021434",3,"dysSti_vs_sakCri;thaAmb_vs_thaPel;thaRuf_vs_thaTor","KLF2","taeGut_geneID"
"Heart","OG_0021508",3,"dysSti_vs_sakCri;sakLuc_vs_sakCan;thaBer_vs_thaAtr","FITM2","taeGut_geneID"
"Heart","OG_0021539",3,"dysSti_vs_sakCri;sakLuc_vs_sakCan;thaBer_vs_thaAtr","TALDO1","taeGut_geneID"
"Heart","OG_0021546",4,"dysSti_vs_sakCri;sakLuc_vs_sakCan;thaBer_vs_thaAtr;thaRuf_vs_thaTor","C17H9orf78","taeGut_geneID"
"Heart","OG_0021558",3,"dysSti_vs_sakCri;sakLuc_vs_sakCan;thaBer_vs_thaAtr","MED7","taeGut_geneID"
"Heart","OG_0021743",3,"dysSti_vs_sakCri;sakLuc_vs_sakCan;thaBer_vs_thaAtr","JCHAIN","taeGut_geneID"
"Heart","OG_0021752",3,"sakLuc_vs_sakCan;thaAmb_vs_thaPel;thaRuf_vs_thaTor","LOC100190135","taeGut_geneID"
"Heart","OG_0021758",3,"dysSti_vs_sakCri;sakLuc_vs_sakCan;thaBer_vs_thaAtr","APOLD1","taeGut_geneID"
"Heart","OG_0021811",3,"dysSti_vs_sakCri;sakLuc_vs_sakCan;thaAmb_vs_thaPel","ANKRD49","taeGut_geneID"
"Heart","OG_0021842",3,"dysSti_vs_sakCri;sakLuc_vs_sakCan;thaBer_vs_thaAtr","LOC100230549","taeGut_geneID"
"Heart","OG_0021898",3,"dysSti_vs_sakCri;sakLuc_vs_sakCan;thaBer_vs_thaAtr","OSBPL2","parsed_from_gene_id"
"Heart","OG_0022054",3,"dysSti_vs_sakCri;sakLuc_vs_sakCan;thaBer_vs_thaAtr","CYREN","taeGut_geneID"
"Heart","OG_0022072",3,"sakLuc_vs_sakCan;thaAmb_vs_thaPel;thaBer_vs_thaAtr","PPDPF","taeGut_geneID"
"Heart","OG_0022104",3,"sakLuc_vs_sakCan;thaBer_vs_thaAtr;thaRuf_vs_thaTor","HSPB1","taeGut_geneID"
"Heart","OG_0022111",3,"sakLuc_vs_sakCan;thaAmb_vs_thaPel;thaBer_vs_thaAtr","CMTM7","taeGut_geneID"
"Heart","OG_0022116",3,"dysSti_vs_sakCri;sakLuc_vs_sakCan;thaBer_vs_thaAtr","NDUFB8","taeGut_geneID"
"Heart","OG_0022128",3,"sakLuc_vs_sakCan;thaAmb_vs_thaPel;thaBer_vs_thaAtr","PHF5A","taeGut_geneID"
"Heart","OG_0022177",4,"dysSti_vs_sakCri;sakLuc_vs_sakCan;thaBer_vs_thaAtr;thaRuf_vs_thaTor","RPS4X","taeGut_geneID"
"Heart","OG_0022457",3,"dysSti_vs_sakCri;sakLuc_vs_sakCan;thaAmb_vs_thaPel","LOC100225312","taeGut_geneID"
"Heart","OG_0022458",3,"sakLuc_vs_sakCan;thaAmb_vs_thaPel;thaBer_vs_thaAtr","CZH18orf32","taeGut_geneID"
"Heart","OG_0022491",4,"dysSti_vs_sakCri;sakLuc_vs_sakCan;thaAmb_vs_thaPel;thaBer_vs_thaAtr","MRPL51","taeGut_geneID"
"Heart","OG_0022497",3,"dysSti_vs_sakCri;sakLuc_vs_sakCan;thaRuf_vs_thaTor","DPT","taeGut_geneID"
"Heart","OG_0022508",4,"sakLuc_vs_sakCan;thaAmb_vs_thaPel;thaBer_vs_thaAtr;thaRuf_vs_thaTor","MRPL28","taeGut_geneID"
"Heart","OG_0022523",3,"dysSti_vs_sakCri;sakLuc_vs_sakCan;thaBer_vs_thaAtr","MRPS25","taeGut_geneID"
"Heart","OG_0022545",3,"sakLuc_vs_sakCan;thaAmb_vs_thaPel;thaBer_vs_thaAtr","AIF1L","taeGut_geneID"
"Heart","OG_0022549",3,"dysSti_vs_sakCri;sakLuc_vs_sakCan;thaRuf_vs_thaTor","REXO2","taeGut_geneID"
"Heart","OG_0022882",3,"sakLuc_vs_sakCan;thaAmb_vs_thaPel;thaRuf_vs_thaTor","KCNE4","taeGut_geneID"
"Heart","OG_0022900",3,"dysSti_vs_sakCri;sakLuc_vs_sakCan;thaBer_vs_thaAtr","MRPS18C","taeGut_geneID"
"Heart","OG_0022933",4,"dysSti_vs_sakCri;sakLuc_vs_sakCan;thaBer_vs_thaAtr;thaRuf_vs_thaTor","NDUFA7","taeGut_geneID"
"Heart","OG_0022936",5,"dysSti_vs_sakCri;sakLuc_vs_sakCan;thaAmb_vs_thaPel;thaBer_vs_thaAtr;thaRuf_vs_thaTor","TXNDC17","taeGut_geneID"
"Heart","OG_0022945",3,"sakLuc_vs_sakCan;thaAmb_vs_thaPel;thaBer_vs_thaAtr","ISCA1","taeGut_geneID"
"Heart","OG_0022955",4,"dysSti_vs_sakCri;sakLuc_vs_sakCan;thaAmb_vs_thaPel;thaBer_vs_thaAtr","EDF1","taeGut_geneID"
"Heart","OG_0023432",4,"dysSti_vs_sakCri;sakLuc_vs_sakCan;thaAmb_vs_thaPel;thaBer_vs_thaAtr","C5H11orf96","taeGut_geneID"
"Heart","OG_0023438",3,"sakLuc_vs_sakCan;thaBer_vs_thaAtr;thaRuf_vs_thaTor","ALOX5AP","taeGut_geneID"
"Heart","OG_0023447",3,"sakLuc_vs_sakCan;thaAmb_vs_thaPel;thaBer_vs_thaAtr","NOP16","taeGut_geneID"
"Heart","OG_0023449",3,"dysSti_vs_sakCri;sakLuc_vs_sakCan;thaAmb_vs_thaPel","TMEM35B","taeGut_geneID"
"Heart","OG_0023464",4,"dysSti_vs_sakCri;sakLuc_vs_sakCan;thaBer_vs_thaAtr;thaRuf_vs_thaTor","RPL31","taeGut_geneID"
"Heart","OG_0023660",3,"dysSti_vs_sakCri;sakLuc_vs_sakCan;thaBer_vs_thaAtr","Onecut1","parsed_from_gene_id"
"Heart","OG_0025057",3,"dysSti_vs_sakCri;thaBer_vs_thaAtr;thaRuf_vs_thaTor","CISD3","taeGut_geneID"
"Heart","OG_0025571",4,"dysSti_vs_sakCri;sakLuc_vs_sakCan;thaAmb_vs_thaPel;thaBer_vs_thaAtr","CKLF","taeGut_geneID"
"Heart","OG_0025604",3,"dysSti_vs_sakCri;sakLuc_vs_sakCan;thaBer_vs_thaAtr","TCIM","taeGut_geneID"
"Heart","OG_0025620",3,"dysSti_vs_sakCri;sakLuc_vs_sakCan;thaAmb_vs_thaPel","CAV2","taeGut_geneID"
"Heart","OG_0025640",3,"dysSti_vs_sakCri;sakLuc_vs_sakCan;thaBer_vs_thaAtr","SSR3","taeGut_geneID"
"Heart","OG_0025650",3,"sakLuc_vs_sakCan;thaAmb_vs_thaPel;thaRuf_vs_thaTor","RPS27A","taeGut_geneID"
"Heart","OG_0025660",3,"sakLuc_vs_sakCan;thaAmb_vs_thaPel;thaBer_vs_thaAtr","HINT3","taeGut_geneID"
"Heart","OG_0026021",3,"dysSti_vs_sakCri;thaAmb_vs_thaPel;thaBer_vs_thaAtr","MGP","taeGut_geneID"
"Heart","OG_0026040",3,"dysSti_vs_sakCri;sakLuc_vs_sakCan;thaRuf_vs_thaTor","CHCHD1","taeGut_geneID"
"Heart","OG_0026050",3,"dysSti_vs_sakCri;sakLuc_vs_sakCan;thaBer_vs_thaAtr","LSM3","taeGut_geneID"
"Heart","OG_0026651",3,"sakLuc_vs_sakCan;thaBer_vs_thaAtr;thaRuf_vs_thaTor","EDEM2","galGal_geneID"
"Heart","OG_0026727",3,"dysSti_vs_sakCri;sakLuc_vs_sakCan;thaBer_vs_thaAtr","MRPS17","taeGut_geneID"
"Heart","OG_0026775",3,"dysSti_vs_sakCri;thaBer_vs_thaAtr;thaRuf_vs_thaTor","PTPMT1","taeGut_geneID"
"Heart","OG_0026783",3,"dysSti_vs_sakCri;sakLuc_vs_sakCan;thaBer_vs_thaAtr","COMMD9","taeGut_geneID"
"Heart","OG_0026954",3,"sakLuc_vs_sakCan;thaAmb_vs_thaPel;thaBer_vs_thaAtr","USP7","parsed_from_gene_id"
"Heart","OG_0027124",3,"dysSti_vs_sakCri;sakLuc_vs_sakCan;thaBer_vs_thaAtr","RUSC2","taeGut_geneID"
"Heart","OG_0027157",3,"dysSti_vs_sakCri;sakLuc_vs_sakCan;thaAmb_vs_thaPel","COX6A1","taeGut_geneID"
"Heart","OG_0027180",3,"sakLuc_vs_sakCan;thaAmb_vs_thaPel;thaBer_vs_thaAtr","LOC100231110","taeGut_geneID"
"Heart","OG_0027846",3,"dysSti_vs_sakCri;sakLuc_vs_sakCan;thaBer_vs_thaAtr","KIF1B","taeGut_geneID"
"Heart","OG_0028036",3,"dysSti_vs_sakCri;thaAmb_vs_thaPel;thaRuf_vs_thaTor","USP53","taeGut_geneID"
"Heart","OG_0028055",3,"sakLuc_vs_sakCan;thaAmb_vs_thaPel;thaBer_vs_thaAtr","ATP2A3","taeGut_geneID"
"Heart","OG_0028058",3,"dysSti_vs_sakCri;thaBer_vs_thaAtr;thaRuf_vs_thaTor","ATP1A1","taeGut_geneID"
"Heart","OG_0028597",3,"sakLuc_vs_sakCan;thaAmb_vs_thaPel;thaBer_vs_thaAtr","GPX3","taeGut_geneID"
"Heart","OG_0028865",4,"dysSti_vs_sakCri;sakLuc_vs_sakCan;thaAmb_vs_thaPel;thaRuf_vs_thaTor","ULK1","taeGut_geneID"
"Heart","OG_0028892",3,"dysSti_vs_sakCri;sakLuc_vs_sakCan;thaBer_vs_thaAtr","MAP1A","taeGut_geneID"
"Heart","OG_0028920",3,"dysSti_vs_sakCri;sakLuc_vs_sakCan;thaBer_vs_thaAtr","CPT1A","taeGut_geneID"
"Heart","OG_0028974",3,"sakLuc_vs_sakCan;thaBer_vs_thaAtr;thaRuf_vs_thaTor","SLC16A3","taeGut_geneID"
"Heart","OG_0028975",3,"dysSti_vs_sakCri;thaAmb_vs_thaPel;thaBer_vs_thaAtr","SLC16A1","taeGut_geneID"
"Heart","OG_0028976",3,"dysSti_vs_sakCri;thaAmb_vs_thaPel;thaBer_vs_thaAtr","SLC16A7","taeGut_geneID"
"Heart","OG_0028989",3,"dysSti_vs_sakCri;sakLuc_vs_sakCan;thaRuf_vs_thaTor","LOC100229516","taeGut_geneID"
"Heart","OG_0029031",3,"dysSti_vs_sakCri;sakLuc_vs_sakCan;thaRuf_vs_thaTor","CMC4","parsed_from_gene_id"
"Heart","OG_0029817",3,"dysSti_vs_sakCri;sakLuc_vs_sakCan;thaBer_vs_thaAtr","JADE2","taeGut_geneID"
"Heart","OG_0029848",3,"dysSti_vs_sakCri;sakLuc_vs_sakCan;thaBer_vs_thaAtr","ARFGEF1","taeGut_geneID"
"Heart","OG_0029918",3,"sakLuc_vs_sakCan;thaBer_vs_thaAtr;thaRuf_vs_thaTor","SCAF11","taeGut_geneID"
"Heart","OG_0030987",4,"dysSti_vs_sakCri;sakLuc_vs_sakCan;thaAmb_vs_thaPel;thaBer_vs_thaAtr","AMOTL2","taeGut_geneID"
"Heart","OG_0030993",3,"dysSti_vs_sakCri;sakLuc_vs_sakCan;thaBer_vs_thaAtr","ZNF292","taeGut_geneID"
"Heart","OG_0031092",3,"dysSti_vs_sakCri;thaBer_vs_thaAtr;thaRuf_vs_thaTor","RAB11FIP1","taeGut_geneID"
"Heart","OG_0031135",3,"dysSti_vs_sakCri;thaBer_vs_thaAtr;thaRuf_vs_thaTor","TRIB2","taeGut_geneID"
"Heart","OG_0031145",3,"dysSti_vs_sakCri;sakLuc_vs_sakCan;thaAmb_vs_thaPel","CUL2","taeGut_geneID"
"Heart","OG_0031190",4,"dysSti_vs_sakCri;sakLuc_vs_sakCan;thaBer_vs_thaAtr;thaRuf_vs_thaTor","LARP1","taeGut_geneID"
"Heart","OG_0031217",3,"sakLuc_vs_sakCan;thaAmb_vs_thaPel;thaBer_vs_thaAtr","PARD3B","parsed_from_gene_id"
"Heart","OG_0031236",3,"dysSti_vs_sakCri;sakLuc_vs_sakCan;thaBer_vs_thaAtr","GNA12","taeGut_geneID"
"Heart","OG_0031383",3,"sakLuc_vs_sakCan;thaAmb_vs_thaPel;thaBer_vs_thaAtr","ALDH6A1","taeGut_geneID"
"Heart","OG_0031504",5,"dysSti_vs_sakCri;sakLuc_vs_sakCan;thaAmb_vs_thaPel;thaBer_vs_thaAtr;thaRuf_vs_thaTor","GRSF1","taeGut_geneID"
"Heart","OG_0033024",3,"dysSti_vs_sakCri;sakLuc_vs_sakCan;thaAmb_vs_thaPel","ECE1","taeGut_geneID"
"Heart","OG_0033035",4,"dysSti_vs_sakCri;sakLuc_vs_sakCan;thaBer_vs_thaAtr;thaRuf_vs_thaTor","JCAD","taeGut_geneID"
"Heart","OG_0033037",5,"dysSti_vs_sakCri;sakLuc_vs_sakCan;thaAmb_vs_thaPel;thaBer_vs_thaAtr;thaRuf_vs_thaTor","LAMB2","taeGut_geneID"
"Heart","OG_0033038",3,"dysSti_vs_sakCri;thaAmb_vs_thaPel;thaRuf_vs_thaTor","LAMB1","taeGut_geneID"
"Heart","OG_0033398",3,"sakLuc_vs_sakCan;thaBer_vs_thaAtr;thaRuf_vs_thaTor","LOC100223131","taeGut_geneID"
"Heart","OG_0033419",3,"sakLuc_vs_sakCan;thaAmb_vs_thaPel;thaBer_vs_thaAtr","PIK3CB","taeGut_geneID"
"Heart","OG_0033524",4,"dysSti_vs_sakCri;sakLuc_vs_sakCan;thaBer_vs_thaAtr;thaRuf_vs_thaTor","AKAP12","taeGut_geneID"
"Heart","OG_0033560",3,"sakLuc_vs_sakCan;thaAmb_vs_thaPel;thaBer_vs_thaAtr","KCNJ8","taeGut_geneID"
"Heart","OG_0033566",4,"dysSti_vs_sakCri;sakLuc_vs_sakCan;thaAmb_vs_thaPel;thaBer_vs_thaAtr","KCNJ2","taeGut_geneID"
"Heart","OG_0033640",3,"dysSti_vs_sakCri;thaAmb_vs_thaPel;thaBer_vs_thaAtr","ALPK3","taeGut_geneID"
"Heart","OG_0033649",4,"dysSti_vs_sakCri;sakLuc_vs_sakCan;thaAmb_vs_thaPel;thaRuf_vs_thaTor","PDPR","taeGut_geneID"
"Heart","OG_0033718",3,"dysSti_vs_sakCri;sakLuc_vs_sakCan;thaAmb_vs_thaPel","DHTKD1","taeGut_geneID"
"Heart","OG_0033809",4,"dysSti_vs_sakCri;sakLuc_vs_sakCan;thaBer_vs_thaAtr;thaRuf_vs_thaTor","DSP","taeGut_geneID"
"Heart","OG_0033891",3,"sakLuc_vs_sakCan;thaBer_vs_thaAtr;thaRuf_vs_thaTor","ACADS","taeGut_geneID"
"Heart","OG_0033996",3,"sakLuc_vs_sakCan;thaAmb_vs_thaPel;thaBer_vs_thaAtr","RHOC","taeGut_geneID"
"Heart","OG_0034015",3,"sakLuc_vs_sakCan;thaAmb_vs_thaPel;thaBer_vs_thaAtr","RAC2","taeGut_geneID"
"Heart","OG_0034039",3,"sakLuc_vs_sakCan;thaBer_vs_thaAtr;thaRuf_vs_thaTor","RREB1","taeGut_geneID"
"Heart","OG_0035862",3,"dysSti_vs_sakCri;sakLuc_vs_sakCan;thaBer_vs_thaAtr","ANXA6","taeGut_geneID"
"Heart","OG_0035864",3,"dysSti_vs_sakCri;sakLuc_vs_sakCan;thaAmb_vs_thaPel","ANXA1","taeGut_geneID"
"Heart","OG_0035880",3,"dysSti_vs_sakCri;sakLuc_vs_sakCan;thaBer_vs_thaAtr","LARGE1","parsed_from_gene_id"
"Heart","OG_0035983",3,"sakLuc_vs_sakCan;thaAmb_vs_thaPel;thaBer_vs_thaAtr","DPYSL3","taeGut_geneID"
"Heart","OG_0035985",3,"dysSti_vs_sakCri;sakLuc_vs_sakCan;thaBer_vs_thaAtr","DPYSL2","taeGut_geneID"
"Heart","OG_0036159",3,"sakLuc_vs_sakCan;thaAmb_vs_thaPel;thaRuf_vs_thaTor","FZD6","taeGut_geneID"
"Heart","OG_0036224",3,"dysSti_vs_sakCri;thaAmb_vs_thaPel;thaBer_vs_thaAtr","TOP2B","taeGut_geneID"
"Heart","OG_0036277",3,"dysSti_vs_sakCri;sakLuc_vs_sakCan;thaRuf_vs_thaTor","LOC100217539","taeGut_geneID"
"Heart","OG_0038824",4,"dysSti_vs_sakCri;sakLuc_vs_sakCan;thaAmb_vs_thaPel;thaBer_vs_thaAtr","PDE3A","taeGut_geneID"
"Heart","OG_0038830",3,"sakLuc_vs_sakCan;thaBer_vs_thaAtr;thaRuf_vs_thaTor","MIA3","galGal_geneID"
"Heart","OG_0041579",3,"sakLuc_vs_sakCan;thaAmb_vs_thaPel;thaBer_vs_thaAtr","ITIH5","taeGut_geneID"
"Heart","OG_0041689",3,"dysSti_vs_sakCri;sakLuc_vs_sakCan;thaBer_vs_thaAtr","RAB3IL1","taeGut_geneID"
"Heart","OG_0041695",3,"dysSti_vs_sakCri;sakLuc_vs_sakCan;thaRuf_vs_thaTor","MTMR9","taeGut_geneID"
"Heart","OG_0041699",3,"dysSti_vs_sakCri;sakLuc_vs_sakCan;thaBer_vs_thaAtr","HSPD1","taeGut_geneID"
"Heart","OG_0041702",3,"sakLuc_vs_sakCan;thaAmb_vs_thaPel;thaBer_vs_thaAtr","TCP1","taeGut_geneID"
"Heart","OG_0041721",3,"sakLuc_vs_sakCan;thaAmb_vs_thaPel;thaBer_vs_thaAtr","ZEB1","taeGut_geneID"
"Heart","OG_0041739",3,"dysSti_vs_sakCri;thaAmb_vs_thaPel;thaRuf_vs_thaTor","CHRM3","galGal_geneID"
"Heart","OG_0041798",3,"sakLuc_vs_sakCan;thaAmb_vs_thaPel;thaBer_vs_thaAtr","SLC25A4","taeGut_geneID"
"Heart","OG_0041848",3,"dysSti_vs_sakCri;sakLuc_vs_sakCan;thaAmb_vs_thaPel","PPARA","taeGut_geneID"
"Heart","OG_0041968",3,"dysSti_vs_sakCri;sakLuc_vs_sakCan;thaBer_vs_thaAtr","NAA15","taeGut_geneID"
"Heart","OG_0041991",4,"dysSti_vs_sakCri;sakLuc_vs_sakCan;thaBer_vs_thaAtr;thaRuf_vs_thaTor","GUCY1A2","taeGut_geneID"
"Heart","OG_0042009",3,"sakLuc_vs_sakCan;thaBer_vs_thaAtr;thaRuf_vs_thaTor","CCDC141","taeGut_geneID"
"Heart","OG_0042217",3,"sakLuc_vs_sakCan;thaBer_vs_thaAtr;thaRuf_vs_thaTor","PPP2R5E","taeGut_geneID"
"Heart","OG_0042249",4,"dysSti_vs_sakCri;sakLuc_vs_sakCan;thaAmb_vs_thaPel;thaBer_vs_thaAtr","LOC100224290","taeGut_geneID"
"Heart","OG_0042283",3,"dysSti_vs_sakCri;thaAmb_vs_thaPel;thaBer_vs_thaAtr","CTSZ","taeGut_geneID"
"Heart","OG_0042345",3,"dysSti_vs_sakCri;sakLuc_vs_sakCan;thaBer_vs_thaAtr","AQP1","taeGut_geneID"
"Heart","OG_0042540",3,"dysSti_vs_sakCri;sakLuc_vs_sakCan;thaBer_vs_thaAtr","GAD1","taeGut_geneID"
"Heart","OG_0042556",3,"sakLuc_vs_sakCan;thaBer_vs_thaAtr;thaRuf_vs_thaTor","LOC100231722","taeGut_geneID"
"Heart","OG_0042600",4,"dysSti_vs_sakCri;sakLuc_vs_sakCan;thaAmb_vs_thaPel;thaBer_vs_thaAtr","XIAP","parsed_from_gene_id"
"Heart","OG_0042863",3,"dysSti_vs_sakCri;sakLuc_vs_sakCan;thaAmb_vs_thaPel","FBXO34","parsed_from_gene_id"
"Heart","OG_0042913",3,"dysSti_vs_sakCri;sakLuc_vs_sakCan;thaBer_vs_thaAtr","PFKM","galGal_geneID"
"Heart","OG_0043061",3,"dysSti_vs_sakCri;thaBer_vs_thaAtr;thaRuf_vs_thaTor","LOC100230322","taeGut_geneID"
"Heart","OG_0043065",3,"sakLuc_vs_sakCan;thaBer_vs_thaAtr;thaRuf_vs_thaTor","UBA6","taeGut_geneID"
"Heart","OG_0043150",3,"sakLuc_vs_sakCan;thaBer_vs_thaAtr;thaRuf_vs_thaTor","PAQR9","taeGut_geneID"
"Heart","OG_0043159",4,"dysSti_vs_sakCri;sakLuc_vs_sakCan;thaBer_vs_thaAtr;thaRuf_vs_thaTor","POLR2B","taeGut_geneID"
"Heart","OG_0043183",3,"dysSti_vs_sakCri;thaBer_vs_thaAtr;thaRuf_vs_thaTor","GLB1","taeGut_geneID"
"Heart","OG_0043264",4,"dysSti_vs_sakCri;sakLuc_vs_sakCan;thaAmb_vs_thaPel;thaBer_vs_thaAtr","SHROOM4","taeGut_geneID"
"Heart","OG_0043449",3,"dysSti_vs_sakCri;sakLuc_vs_sakCan;thaBer_vs_thaAtr","ADD3","taeGut_geneID"
"Heart","OG_0043616",3,"dysSti_vs_sakCri;sakLuc_vs_sakCan;thaBer_vs_thaAtr","TPM4","taeGut_geneID"
